title,price,original price,url,timestamp
Apple iPad 10th Gen 64GB Silver Wi-Fi MPQ03LL/A,$238.00,"$449.00 | 47% OFF
Previous price: $449.00 47% off",https://www.ebay.com/itm/125772110133?_trkparms=5373%3A5000006400%7C5374%3ATech%7C5079%3A5000006400,2025-03-21 14:48:51
"Acer Aspire 3 Laptop 15.6"" 1TB AMD Ryzen 5 7520U 2.8GHz Certified Reburbished",$275.99,"$499.99 | 45% OFF
Previous price: $499.99 45% off",https://www.ebay.com/itm/266889342994?_trkparms=5373%3A5000006400%7C5374%3ATech%7C5079%3A5000006400,2025-03-21 14:48:51
Samsung Galaxy Watch4 Classic 46mm R890 GPS - Very Good,$49.99,"$379.99 | 87% OFF
Previous price: $379.99 87% off",https://www.ebay.com/itm/255880698895?_trkparms=5373%3A5000006400%7C5374%3ATech%7C5079%3A5000006400,2025-03-21 14:48:51
"Sony Bravia XR 65"" X90L 4K HDR Full Array LED Smart TV XR65X90L",$759.00,"$1,599.99 | 53% OFF
Previous price: $1,599.99 53% off",https://www.ebay.com/itm/335504276344?_trkparms=5373%3A5000006400%7C5374%3ATech%7C5079%3A5000006400,2025-03-21 14:48:51
Nikon PROSTAFF P3 10x42 Waterproof Fogproof Drop Resistant Black Binocular,$102.00,"$189.99 | 46% OFF
Previous price: $189.99 46% off",https://www.ebay.com/itm/296738244180?_trkparms=5373%3A5000006400%7C5374%3ATech%7C5079%3A5000006400,2025-03-21 14:48:51
Onkyo TX-SR3100 5.2 Channel A/V Receiver,$261.00,"$499.99 | 48% OFF
Previous price: $499.99 48% off",https://www.ebay.com/itm/166907766940?_trkparms=5373%3A5000006400%7C5374%3ATech%7C5079%3A5000006400,2025-03-21 14:48:51
Apple iPhone 13 mini 128GB Factory Unlocked AT&T T-Mobile Verizon Very Good,$264.95,"$699.00 | 62% OFF
Previous price: $699.00 62% off",https://www.ebay.com/itm/304517572567?_trkparms=5373%3A5000006400%7C5374%3ATech%7C5079%3A5000006400,2025-03-21 14:48:51
Apple iPhone 14 Pro A2650 128GB Network Unlocked Very Good Condition,$414.99,"$899.00 | 54% OFF
Previous price: $899.00 54% off",https://www.ebay.com/itm/354954088639?_trkparms=5373%3A5000006400%7C5374%3ATech%7C5079%3A5000006400,2025-03-21 14:48:51
Apple iPhone 13 A2482 128GB Network Unlocked Very Good Condition,$259.99,"$699.00 | 63% OFF
Previous price: $699.00 63% off",https://www.ebay.com/itm/354393355064?_trkparms=5373%3A5000006400%7C5374%3ATech%7C5079%3A5000006400,2025-03-21 14:48:51
Apple iPhone 14 Pro Max 256GB Unlocked Very Good Condition,$539.99,"$1,199.00 | 55% OFF
Previous price: $1,199.00 55% off",https://www.ebay.com/itm/355896538160?_trkparms=5373%3A5000006400%7C5374%3ATech%7C5079%3A5000006400,2025-03-21 14:48:51
Apple iPhone 14 128GB Network Unlocked Very Good Condition,$304.99,"$749.00 | 59% OFF
Previous price: $749.00 59% off",https://www.ebay.com/itm/355095070816?_trkparms=5373%3A5000006400%7C5374%3ATech%7C5079%3A5000006400,2025-03-21 14:48:51
Apple iPhone 14 Pro A2650 256GB Unlocked Very Good Condition,$439.99,"$999.00 | 56% OFF
Previous price: $999.00 56% off",https://www.ebay.com/itm/355896536737?_trkparms=5373%3A5000006400%7C5374%3ATech%7C5079%3A5000006400,2025-03-21 14:48:51
Samsung Galaxy S22+ 5G SM-S906U1 128GB 256GB Unlocked Very Good Refurbished,$234.95,"$1,199.99 | 80% OFF
Previous price: $1,199.99 80% off",https://www.ebay.com/itm/204769428202?_trkparms=5373%3A5000006400%7C5374%3ATech%7C5079%3A5000006423,2025-03-21 14:48:51
Apple iPhone 14 256GB Factory Unlocked AT&T T-Mobile Verizon Very Good Condition,$369.95,"$899.00 | 59% OFF
Previous price: $899.00 59% off",https://www.ebay.com/itm/295504908589?_trkparms=5373%3A5000006400%7C5374%3ATech%7C5079%3A5000006423,2025-03-21 14:48:51
Apple iPhone 12 64GB - Fully Unlocked - VERY GOOD Condition!! Unlocked!!,$210.99,"$599.00 | 65% OFF
Previous price: $599.00 65% off",https://www.ebay.com/itm/325852789181?_trkparms=5373%3A5000006400%7C5374%3ATech%7C5079%3A5000006423,2025-03-21 14:48:51
Apple iPhone 14 256GB Network Unlocked Excellent Condition,$400.01,"$426.21 | 6% OFF
Previous price: $426.21 6% off",https://www.ebay.com/itm/356103750807?_trkparms=5373%3A5000006400%7C5374%3ATech%7C5079%3A5000006423,2025-03-21 14:48:51
ASUS Zenfone V V520KL A006 32GB Verizon - Excellent,$41.95,"$329.00 | 87% OFF
Previous price: $329.00 87% off",https://www.ebay.com/itm/387587045897?_trkparms=5373%3A5000006400%7C5374%3ATech%7C5079%3A5000006423,2025-03-21 14:48:52
"1 Year Warranty MacBook Pro 16"" M1 Max 2021 3.20GHz/64GB/1TB/24-Core GPU - A2485","$1,489.99","$2,699.00 | 45% OFF
Previous price: $2,699.00 45% off",https://www.ebay.com/itm/356568337558?_trkparms=5373%3A5000006400%7C5374%3ATech%7C5079%3A5000006407,2025-03-21 14:48:52
"HP ENVY Laptop Intel Core Ultra 7 155U RTX 3050 32GB RAM 1TB SSD 17.3"" FHD W11H",$769.99,"$1,099.99 | 30% OFF
Previous price: $1,099.99 30% off",https://www.ebay.com/itm/305844871800?_trkparms=5373%3A5000006400%7C5374%3ATech%7C5079%3A5000006407,2025-03-21 14:48:52
"HP Laptop AMD Ryzen 5 7530U 16GB 1 TB SSD 17.3"" Touchscreen W11H 17-cp3055cl",$399.99,"$599.99 | 33% OFF
Previous price: $599.99 33% off",https://www.ebay.com/itm/305956067711?_trkparms=5373%3A5000006400%7C5374%3ATech%7C5079%3A5000006407,2025-03-21 14:48:52
"Apple MacBook Pro 13"" Late 2020 M1 1TB SSD 16GB RAM Space Gray - Good",$649.99,$649.99,https://www.ebay.com/itm/156171886224?_trkparms=5373%3A5000006400%7C5374%3ATech%7C5079%3A5000006407,2025-03-21 14:48:52
"Apple MacBook Pro 2021 MS3-96w M1 Pro 16GB RAM 16"" 512GB SSD Very Good",$889.00,"$1,499.00 | 41% OFF
Previous price: $1,499.00 41% off",https://www.ebay.com/itm/146346000047?_trkparms=5373%3A5000006400%7C5374%3ATech%7C5079%3A5000006407,2025-03-21 14:48:52
LG 55-Inch Class OLED evo G4 Series 4K TV with webOS 24,"$1,499.00","$3,199.95 | 53% OFF
Previous price: $3,199.95 53% off",https://www.ebay.com/itm/186732090674?_trkparms=5373%3A5000006400%7C5374%3ATech%7C5079%3A5000006409,2025-03-21 14:48:52
Samsung Music Frame Dolby Atmos Picture Frame/Smart Speaker,$160.00,"$499.99 | 68% OFF
Previous price: $499.99 68% off",https://www.ebay.com/itm/186849010545?_trkparms=5373%3A5000006400%7C5374%3ATech%7C5079%3A5000006409,2025-03-21 14:48:52
LG 77-Inch Class OLED evo C4 Series TV with webOS 24,"$1,856.00","$4,199.95 | 56% OFF
Previous price: $4,199.95 56% off",https://www.ebay.com/itm/156232239135?_trkparms=5373%3A5000006400%7C5374%3ATech%7C5079%3A5000006409,2025-03-21 14:48:52
BenQ GP500 4K HDR LED Smart Home Theater Projector 1500 Lm Auto Focus 1.3x zoom,$734.00,"$1,799.00 | 59% OFF
Previous price: $1,799.00 59% off",https://www.ebay.com/itm/166398780476?_trkparms=5373%3A5000006400%7C5374%3ATech%7C5079%3A5000006409,2025-03-21 14:48:52
BenQ X300G 2000lm 4K Portable Gaming Projector 4ms Short Throw 3D Auto Keystone,$947.00,"$1,499.99 | 37% OFF
Previous price: $1,499.99 37% off",https://www.ebay.com/itm/375807945661?_trkparms=5373%3A5000006400%7C5374%3ATech%7C5079%3A5000006409,2025-03-21 14:48:53
DJI Mavic 3 Classic Fly More Pro Vlogger -2 Battery Combo (DJI RC) Drone-CRB,"$1,499.00","$1,899.00 | 21% OFF
Previous price: $1,899.00 21% off",https://www.ebay.com/itm/305955941857?_trkparms=5373%3A5000006400%7C5374%3ATech%7C5079%3A5000006430,2025-03-21 14:48:53
DJI Mini 3 Pro Fly More Vlogger Combo (DJI RC ) Drone 4k,$937.00,"$1,249.00 | 25% OFF
Previous price: $1,249.00 25% off",https://www.ebay.com/itm/305845152874?_trkparms=5373%3A5000006400%7C5374%3ATech%7C5079%3A5000006430,2025-03-21 14:48:53
Samsung Music Frame Dolby Atmos Picture Frame/Smart Speaker,$160.00,"$499.99 | 68% OFF
Previous price: $499.99 68% off",https://www.ebay.com/itm/186849010545?_trkparms=5373%3A5000006400%7C5374%3ATech%7C5079%3A5000006430,2025-03-21 14:48:53
Sony FE 24-70mm F2.8 GM II Lens,"$1,719.00","$2,306.99 | 25% OFF
Previous price: $2,306.99 25% off",https://www.ebay.com/itm/204911213109?_trkparms=5373%3A5000006400%7C5374%3ATech%7C5079%3A5000006430,2025-03-21 14:48:53
"Panasonic LUMIX GH5M2, 20.3MP Mirrorless Micro Four Thirds Camera with Live",$874.00,"$1,187.99 | 26% OFF
Previous price: $1,187.99 26% off",https://www.ebay.com/itm/205309160774?_trkparms=5373%3A5000006400%7C5374%3ATech%7C5079%3A5000006430,2025-03-21 14:48:53
Logitech - G CLOUD Gaming Handheld Console - White,$164.99,"$349.99 | 53% OFF
Previous price: $349.99 53% off",https://www.ebay.com/itm/167017920150?_trkparms=5373%3A5000006400%7C5374%3ATech%7C5079%3A5000006401,2025-03-21 14:48:53
Nintendo Switch OLED 64GB NEON Red Blue Joy Con Newest Version +FAST FREE SHIP!‚≠ê,$269.99,"$359.99 | 25% OFF
Previous price: $359.99 25% off",https://www.ebay.com/itm/195122716310?_trkparms=5373%3A5000006400%7C5374%3ATech%7C5079%3A5000006401,2025-03-21 14:48:53
"Audeze Maxwell Wireless Gaming Headset for Xbox, PS, Mac, & PC",$278.00,"$373.99 | 26% OFF
Previous price: $373.99 26% off",https://www.ebay.com/itm/205305863435?_trkparms=5373%3A5000006400%7C5374%3ATech%7C5079%3A5000006401,2025-03-21 14:48:53
"Audeze Maxwell Wireless Gaming Headset for PlayStation, Mac, PC, and Switch",$264.00,"$305.99 | 14% OFF
Previous price: $305.99 14% off",https://www.ebay.com/itm/197038681586?_trkparms=5373%3A5000006400%7C5374%3ATech%7C5079%3A5000006401,2025-03-21 14:48:53
Nintendo Switch Console with Neon Blue and Neon Red Joy Cons 32GB V2,$243.33,"$299.99 | 19% OFF
Previous price: $299.99 19% off",https://www.ebay.com/itm/195302472644?_trkparms=5373%3A5000006400%7C5374%3ATech%7C5079%3A5000006401,2025-03-21 14:48:53
"2020 Apple iPad 8 10.2"" Display 32GB WiFi Only MYL92LL/A Space Gray - Very Good",$143.99,"$329.00 | 56% OFF
Previous price: $329.00 56% off",https://www.ebay.com/itm/354233898171?_trkparms=5373%3A5000006400%7C5374%3ATech%7C5079%3A5000006415,2025-03-21 14:48:53
"2020 iPad 8th Gen 10.2"" MYN32LL/A 32GB & Cellular Unlocked (Space Gray) - Good",$136.99,"$329.00 | 58% OFF
Previous price: $329.00 58% off",https://www.ebay.com/itm/354250488438?_trkparms=5373%3A5000006400%7C5374%3ATech%7C5079%3A5000006415,2025-03-21 14:48:53
"Samsung Galaxy Tab S8 Ultra 14.6"" 128GB X900 Wifi Only No S-Pen - Excellent",$390.00,"$899.99 | 57% OFF
Previous price: $899.99 57% off",https://www.ebay.com/itm/256402595266?_trkparms=5373%3A5000006400%7C5374%3ATech%7C5079%3A5000006415,2025-03-21 14:48:53
Acer Iconia Android Tablet - 64GB SSD - A8 A8-11-A30S - Certified Refurbished,$79.99,$79.99,https://www.ebay.com/itm/256754458088?_trkparms=5373%3A5000006400%7C5374%3ATech%7C5079%3A5000006415,2025-03-21 14:48:53
Apple AirPods Pro 2nd Generation Gen 2 2023 A2968 with Magsafe USB-C Charging,$149.95,"$250.00 | 40% OFF
Previous price: $250.00 40% off",https://www.ebay.com/itm/285636515887?_trkparms=5373%3A5000006400%7C5374%3ATech%7C5079%3A5000006419,2025-03-21 14:48:53
Sony WF-1000XM5 Truly Wireless Bluetooth Noise Canceling Headphones - Black,$112.99,"$299.99 | 62% OFF
Previous price: $299.99 62% off",https://www.ebay.com/itm/276015021037?_trkparms=5373%3A5000006400%7C5374%3ATech%7C5079%3A5000006419,2025-03-21 14:48:54
Anker PowerCoreIII Sense Portable Charger 10K Power Bank 20W USB-C for iPhone,$14.99,"$39.99 | 63% OFF
Previous price: $39.99 63% off",https://www.ebay.com/itm/383508840902?_trkparms=5373%3A5000006400%7C5374%3ATech%7C5079%3A5000006419,2025-03-21 14:48:54
Anker 20W USB-C Portable Charger Power Bank 10000mAh Power Delivery Battery Pack,$14.99,"$39.99 | 63% OFF
Previous price: $39.99 63% off",https://www.ebay.com/itm/385001141142?_trkparms=5373%3A5000006400%7C5374%3ATech%7C5079%3A5000006419,2025-03-21 14:48:54
Soundcore Liberty 4 SE True Wireless Earbuds Heart Rate Sensor Noise Cancelling,$46.99,"$149.99 | 69% OFF
Previous price: $149.99 69% off",https://www.ebay.com/itm/385693088002?_trkparms=5373%3A5000006400%7C5374%3ATech%7C5079%3A5000006419,2025-03-21 14:48:54
"Seagate IronWolf 12TB 7200RPM SATA 6Gb/s 256MB 3.5"" NAS Hard Drive ST12000VN0007",$133.99,"$189.99 | 29% OFF
Previous price: $189.99 29% off",https://www.ebay.com/itm/166672350380?_trkparms=5373%3A5000006400%7C5374%3ATech%7C5079%3A5000006421,2025-03-21 14:48:54
"Seagate Exos 28TB 7.2K RPM SATA 6Gb/s 3.5"" Enterprise HDD - ST28000NM000C",$334.99,"$379.99 | 12% OFF
Previous price: $379.99 12% off",https://www.ebay.com/itm/296879436001?_trkparms=5373%3A5000006400%7C5374%3ATech%7C5079%3A5000006421,2025-03-21 14:48:54
"Seagate Skyhawk AI ST12000VX0017 12TB 7200RPM 3.5"" SATA 6.0Gb/s Surveillance HDD",$115.99,"$179.99 | 36% OFF
Previous price: $179.99 36% off",https://www.ebay.com/itm/176895047318?_trkparms=5373%3A5000006400%7C5374%3ATech%7C5079%3A5000006421,2025-03-21 14:48:54
"Seagate EXOS X16 16TB 256MB 7200rpm 3.5"" SATA 6Gb/s Enterprise HDD ST16000NM001G",$179.99,"$219.99 | 18% OFF
Previous price: $219.99 18% off",https://www.ebay.com/itm/175804626117?_trkparms=5373%3A5000006400%7C5374%3ATech%7C5079%3A5000006421,2025-03-21 14:48:54
"Seagate ST12000NM0117 12TB 256MB 7200RPM 3.5"" SATA 6.0Gb/s Enterprise Hard Drive",$124.99,"$179.99 | 31% OFF
Previous price: $179.99 31% off",https://www.ebay.com/itm/176407579611?_trkparms=5373%3A5000006400%7C5374%3ATech%7C5079%3A5000006421,2025-03-21 14:48:54
"Aura Studio 3, Wireless speaker with beautiful Harman Kardon sound",$99.95,"$299.95 | 67% OFF
Previous price: $299.95 67% off",https://www.ebay.com/itm/395535173196?_trkparms=5373%3A5000006400%7C5374%3ATech%7C5079%3A5000006403,2025-03-21 14:48:54
STATUS Between 3ANC Wireless Earbuds (CERTIFIED REFURBISHED) - ONYX,$82.88,"$119.00 | 30% OFF
Previous price: $119.00 30% off",https://www.ebay.com/itm/266692431952?_trkparms=5373%3A5000006400%7C5374%3ATech%7C5079%3A5000006403,2025-03-21 14:48:54
Sony WH-1000XM5/B Wireless Industry Leading Noise Canceling Bluetooth Headphones,$199.99,"$399.99 | 50% OFF
Previous price: $399.99 50% off",https://www.ebay.com/itm/314074071401?_trkparms=5373%3A5000006400%7C5374%3ATech%7C5079%3A5000006403,2025-03-21 14:48:54
Skullcandy Smokin' Buds XT- Black (CERTIFIED REFURBISHED),$11.13,"$18.99 | 41% OFF
Previous price: $18.99 41% off",https://www.ebay.com/itm/266646620402?_trkparms=5373%3A5000006400%7C5374%3ATech%7C5079%3A5000006403,2025-03-21 14:48:54
Sony WF-1000XM5 Truly Wireless Bluetooth Noise Canceling Headphones - Silver,$112.99,"$299.99 | 62% OFF
Previous price: $299.99 62% off",https://www.ebay.com/itm/276042057973?_trkparms=5373%3A5000006400%7C5374%3ATech%7C5079%3A5000006403,2025-03-21 14:48:54
Ricoh/Fujitsu ScanSnap iX1400 One-Touch 600dpi 40ppm/80ipm Auto Duplex Scanner,$195.00,"$435.00 | 55% OFF
Previous price: $435.00 55% off",https://www.ebay.com/itm/176489716730?_trkparms=5373%3A5000006400%7C5374%3ATech%7C5079%3A5000006417,2025-03-21 14:48:54
Epson RapidReceipt RR-600W Wireless Scanner - Certified Refurbished,$279.99,"$299.99 | 7% OFF
Previous price: $299.99 7% off",https://www.ebay.com/itm/204884183797?_trkparms=5373%3A5000006400%7C5374%3ATech%7C5079%3A5000006417,2025-03-21 14:48:54
Epson Perfection V600 Photo Scanner - Certified Refurbished,$299.99,$299.99,https://www.ebay.com/itm/226451126467?_trkparms=5373%3A5000006400%7C5374%3ATech%7C5079%3A5000006417,2025-03-21 14:48:55
Canon Color imageCLASS MF642Cdw Wireless Laser Printer w/ Toner PRMCT054H-4 Pack,$309.99,"$599.95 | 48% OFF
Previous price: $599.95 48% off",https://www.ebay.com/itm/296874880362?_trkparms=5373%3A5000006400%7C5374%3ATech%7C5079%3A5000006417,2025-03-21 14:48:55
Canon Color imageCLASS MF642Cdw Wireless All-In-One Laser Printer - White,$259.99,"$309.95 | 16% OFF
Previous price: $309.95 16% off",https://www.ebay.com/itm/375669059982?_trkparms=5373%3A5000006400%7C5374%3ATech%7C5079%3A5000006417,2025-03-21 14:48:55
Hifonics HFXR Digital Signal Processor Universal Mobile Audio Silver New,$49.95,"$99.99 | 50% OFF
Previous price: $99.99 50% off",https://www.ebay.com/itm/155477831041?_trkparms=5373%3A5000006400%7C5374%3ATech%7C5079%3A5000006432,2025-03-21 14:48:55
MB Quart FKB169 6x9 2-Way Car Speakers 75W RMS 150W Peak UTV Compatible New,$39.88,"$79.99 | 50% OFF
Previous price: $79.99 50% off",https://www.ebay.com/itm/155534258683?_trkparms=5373%3A5000006400%7C5374%3ATech%7C5079%3A5000006432,2025-03-21 14:48:55
MB Quart Formula FKB168 5x7/6x8 2-Way Car Speakers 50W RMS 100W Peak Power New,$24.99,"$44.99 | 44% OFF
Previous price: $44.99 44% off",https://www.ebay.com/itm/155534260342?_trkparms=5373%3A5000006400%7C5374%3ATech%7C5079%3A5000006432,2025-03-21 14:48:55
ZS5768CX ZEUS 5x7/6x8 Inch Speakers 1-inch Neo-Mylar Soft Dome Tweeter,$26.73,"$54.99 | 51% OFF
Previous price: $54.99 51% off",https://www.ebay.com/itm/155691326798?_trkparms=5373%3A5000006400%7C5374%3ATech%7C5079%3A5000006432,2025-03-21 14:48:55
MB Quart Formula 1 inch Tweeter kit,$27.95,"$39.99 | 30% OFF
Previous price: $39.99 30% off",https://www.ebay.com/itm/155835299206?_trkparms=5373%3A5000006400%7C5374%3ATech%7C5079%3A5000006432,2025-03-21 14:48:55
Sony FE 24-70mm F2.8 GM II Lens,"$1,719.00","$2,306.99 | 25% OFF
Previous price: $2,306.99 25% off",https://www.ebay.com/itm/204911213109?_trkparms=5373%3A5000006400%7C5374%3ATech%7C5079%3A5000006425,2025-03-21 14:48:55
Canon 3680C002 Rf 24-70mm F2.8 L is USM,"$1,849.00","$2,656.99 | 30% OFF
Previous price: $2,656.99 30% off",https://www.ebay.com/itm/326389378879?_trkparms=5373%3A5000006400%7C5374%3ATech%7C5079%3A5000006425,2025-03-21 14:48:55
"Sigma 24-70MM F2.8 DG DN II ART Lens, L Mount",$999.00,"$2,616.00 | 62% OFF
Previous price: $2,616.00 62% off",https://www.ebay.com/itm/286205099093?_trkparms=5373%3A5000006400%7C5374%3ATech%7C5079%3A5000006425,2025-03-21 14:48:55
Sony FE 70-200mm F4 Macro G OSS II,"$1,279.00","$1,737.99 | 26% OFF
Previous price: $1,737.99 26% off",https://www.ebay.com/itm/197123341040?_trkparms=5373%3A5000006400%7C5374%3ATech%7C5079%3A5000006425,2025-03-21 14:48:55
Sony FE 70-200mm F2.8 GM OSS II Full-Frame Constant-Aperture Lens,"$2,399.00","$3,166.00 | 24% OFF
Previous price: $3,166.00 24% off",https://www.ebay.com/itm/286150852827?_trkparms=5373%3A5000006400%7C5374%3ATech%7C5079%3A5000006425,2025-03-21 14:48:55
LG 55-Inch Class OLED evo G4 Series 4K TV with webOS 24,"$1,499.00","$3,199.95 | 53% OFF
Previous price: $3,199.95 53% off",https://www.ebay.com/itm/186732090674?_trkparms=5373%3A5000006400%7C5374%3ATech%7C5079%3A5000006413,2025-03-21 14:48:55
Samsung Music Frame Dolby Atmos Picture Frame/Smart Speaker,$160.00,"$499.99 | 68% OFF
Previous price: $499.99 68% off",https://www.ebay.com/itm/186849010545?_trkparms=5373%3A5000006400%7C5374%3ATech%7C5079%3A5000006413,2025-03-21 14:48:55
"Aura Studio 3, Wireless speaker with beautiful Harman Kardon sound",$99.95,"$299.95 | 67% OFF
Previous price: $299.95 67% off",https://www.ebay.com/itm/395535173196?_trkparms=5373%3A5000006400%7C5374%3ATech%7C5079%3A5000006413,2025-03-21 14:48:55
LG 77-Inch Class OLED evo C4 Series TV with webOS 24,"$1,856.00","$4,199.95 | 56% OFF
Previous price: $4,199.95 56% off",https://www.ebay.com/itm/156232239135?_trkparms=5373%3A5000006400%7C5374%3ATech%7C5079%3A5000006413,2025-03-21 14:48:55
STATUS Between 3ANC Wireless Earbuds (CERTIFIED REFURBISHED) - ONYX,$82.88,"$119.00 | 30% OFF
Previous price: $119.00 30% off",https://www.ebay.com/itm/266692431952?_trkparms=5373%3A5000006400%7C5374%3ATech%7C5079%3A5000006413,2025-03-21 14:48:56
Apple Pencil (USB-C) - White Stylus MUWA3AM/A with Pixel-Perfect Precision,$51.45,"$80.00 | 36% OFF
Previous price: $80.00 36% off",https://www.ebay.com/itm/296262723993?_trkparms=5373%3A5000006400%7C5374%3ATech%7C5079%3A5000006427,2025-03-21 14:48:56
"Logitech Z623 400 Watt Home Speaker System, 2.1 Speaker System - Black",$95.00,"$132.68 | 28% OFF
Previous price: $132.68 28% off",https://www.ebay.com/itm/167065352702?_trkparms=5373%3A5000006400%7C5374%3ATech%7C5079%3A5000006427,2025-03-21 14:48:56
Logitech G560 PC Gaming Speaker System with 7.1 DTS:X Ultra Surround Sound,$128.00,"$249.99 | 49% OFF
Previous price: $249.99 49% off",https://www.ebay.com/itm/167051732357?_trkparms=5373%3A5000006400%7C5374%3ATech%7C5079%3A5000006427,2025-03-21 14:48:56
Razer Barracuda X Wireless Multi Platform Gaming and Mobile Black Headset,$41.99,"$99.95 | 58% OFF
Previous price: $99.95 58% off",https://www.ebay.com/itm/286097764131?_trkparms=5373%3A5000006400%7C5374%3ATech%7C5079%3A5000006427,2025-03-21 14:48:56
"SteelSeries Arctis Nova Pro Gaming Headset for Xbox, PC, PS4, and PS5 (Refurb)",$144.99,"$249.99 | 42% OFF
Previous price: $249.99 42% off",https://www.ebay.com/itm/295963007018?_trkparms=5373%3A5000006400%7C5374%3ATech%7C5079%3A5000006427,2025-03-21 14:48:56
Apple Watch Series SE (2nd Gen) 40mm GPS + WiFi + Cellular Unlocked - Excellent,$137.99,"$299.99 | 54% OFF
Previous price: $299.99 54% off",https://www.ebay.com/itm/196138751781?_trkparms=5373%3A5000006400%7C5374%3ATech%7C5079%3A5000006411,2025-03-21 14:48:56
Samsung Galaxy Watch 6 Classic 43mm Bluetooth R950 - Excellent,$99.99,"$159.99 | 38% OFF
Previous price: $159.99 38% off",https://www.ebay.com/itm/326305248291?_trkparms=5373%3A5000006400%7C5374%3ATech%7C5079%3A5000006411,2025-03-21 14:48:56
Samsung Galaxy S22+ 5G SM-S906U1 128GB 256GB Unlocked Very Good Refurbished,$234.95,"$1,199.99 | 80% OFF
Previous price: $1,199.99 80% off",https://www.ebay.com/itm/204769428202?_trkparms=5373%3A5000006400%7C5374%3ATech%7C5079%3A5000006411,2025-03-21 14:48:56
Apple Watch Series 6 40mm (GPS + Cellular) Aluminum Case - Very Good,$119.99,"$599.00 | 80% OFF
Previous price: $599.00 80% off",https://www.ebay.com/itm/254878963982?_trkparms=5373%3A5000006400%7C5374%3ATech%7C5079%3A5000006411,2025-03-21 14:48:56
Apple Watch Series 10 GPS + Cellular 42mm Smartwatch Aluminium Case - Excellent,$294.99,"$499.00 | 41% OFF
Previous price: $499.00 41% off",https://www.ebay.com/itm/156512158074?_trkparms=5373%3A5000006400%7C5374%3ATech%7C5079%3A5000006411,2025-03-21 14:48:56
TP-Link Deco AXE5300 Wi-Fi 6E Tri-Band 9 3-Pack (Refurbished),$174.99,"$299.99 | 42% OFF
Previous price: $299.99 42% off",https://www.ebay.com/itm/144782360525?_trkparms=5373%3A5000006400%7C5374%3ATech%7C5079%3A5000006405,2025-03-21 14:48:56
Ricoh/Fujitsu ScanSnap iX1400 One-Touch 600dpi 40ppm/80ipm Auto Duplex Scanner,$195.00,"$435.00 | 55% OFF
Previous price: $435.00 55% off",https://www.ebay.com/itm/176489716730?_trkparms=5373%3A5000006400%7C5374%3ATech%7C5079%3A5000006405,2025-03-21 14:48:56
"Acer XZ322QU 31.5"" Curved Monitor LED 144Hz 2560x1440 Certified Refurbished",$149.99,"$249.99 | 40% OFF
Previous price: $249.99 40% off",https://www.ebay.com/itm/256547414823?_trkparms=5373%3A5000006400%7C5374%3ATech%7C5079%3A5000006405,2025-03-21 14:48:56
"Acer PM161Q 15.6"" Monitor LCD Display 60Hz 1920x1080 Certified Refurbished",$59.99,"$149.99 | 60% OFF
Previous price: $149.99 60% off",https://www.ebay.com/itm/275924898150?_trkparms=5373%3A5000006400%7C5374%3ATech%7C5079%3A5000006405,2025-03-21 14:48:56
"Acer CB272 E 27"" Monitor FullHD 1920x1080 100Hz IPS 1ms 250Nit HDMI DisplayPort",$89.99,"$139.99 | 36% OFF
Previous price: $139.99 36% off",https://www.ebay.com/itm/266600046936?_trkparms=5373%3A5000006400%7C5374%3ATech%7C5079%3A5000006405,2025-03-21 14:48:56
"Apple iPad 7 10.2"" 32GB 128GB Space Gray Gold Silver WiFi or Cellular - Good",$132.99,$132.99,https://www.ebay.com/itm/154843157684?_trkparms=5373%3A5000006400%7C5374%3ATech%7C5079%3A5000006400,2025-03-21 15:34:19
"Seagate EXOS X16 ST14000NM005G 14TB 256MB 7200rpm 3.5"" SATA 6Gb/s Enterprise HDD",$147.99,"$199.99 | 26% OFF
Previous price: $199.99 26% off",https://www.ebay.com/itm/176825170520?_trkparms=5373%3A5000006400%7C5374%3ATech%7C5079%3A5000006400,2025-03-21 15:34:19
36V 105Ah Golf Cart LiFePO4 Lithium Battery 15000+ Cycle 200A BMS + 20A Charger,$829.99,"$1,499.99 | 45% OFF
Previous price: $1,499.99 45% off",https://www.ebay.com/itm/364958681355?_trkparms=5373%3A5000006400%7C5374%3ATech%7C5079%3A5000006400,2025-03-21 15:34:19
üî• Nintendo Switch OLED 64GB WHITE Joy Cons Newest Game Console + 2 Day SHIP! üî•,$269.99,"$369.99 | 27% OFF
Previous price: $369.99 27% off",https://www.ebay.com/itm/194991515485?_trkparms=5373%3A5000006400%7C5374%3ATech%7C5079%3A5000006400,2025-03-21 15:34:19
VIZIO V20x-J8B-RB V-Series 2.0 Compact Sound Bar,$42.34,"$149.95 | 72% OFF
Previous price: $149.95 72% off",https://www.ebay.com/itm/135394456824?_trkparms=5373%3A5000006400%7C5374%3ATech%7C5079%3A5000006400,2025-03-21 15:34:19
Samsung Galaxy Watch5 Pro 45mm R920N GPS - Very Good,$79.99,"$449.99 | 82% OFF
Previous price: $449.99 82% off",https://www.ebay.com/itm/256277867994?_trkparms=5373%3A5000006400%7C5374%3ATech%7C5079%3A5000006400,2025-03-21 15:34:19
LG 65 Inch Class OLED evo C4 Series Smart TV 4K Processor (2024),"$1,185.00","$2,699.00 | 56% OFF
Previous price: $2,699.00 56% off",https://www.ebay.com/itm/316524852706?_trkparms=5373%3A5000006400%7C5374%3ATech%7C5079%3A5000006400,2025-03-21 15:34:19
Apple iPhone 14 Pro A2650 128GB Network Unlocked Very Good Condition,$414.99,"$899.00 | 54% OFF
Previous price: $899.00 54% off",https://www.ebay.com/itm/354954088639?_trkparms=5373%3A5000006400%7C5374%3ATech%7C5079%3A5000006400,2025-03-21 15:34:19
Apple iPhone 13 A2482 128GB Network Unlocked Very Good Condition,$259.99,"$699.00 | 63% OFF
Previous price: $699.00 63% off",https://www.ebay.com/itm/354393355064?_trkparms=5373%3A5000006400%7C5374%3ATech%7C5079%3A5000006400,2025-03-21 15:34:19
Apple iPhone 14 Pro Max 256GB Unlocked Very Good Condition,$539.99,"$1,199.00 | 55% OFF
Previous price: $1,199.00 55% off",https://www.ebay.com/itm/355896538160?_trkparms=5373%3A5000006400%7C5374%3ATech%7C5079%3A5000006400,2025-03-21 15:34:19
Apple iPhone 14 128GB Network Unlocked Very Good Condition,$304.99,"$749.00 | 59% OFF
Previous price: $749.00 59% off",https://www.ebay.com/itm/355095070816?_trkparms=5373%3A5000006400%7C5374%3ATech%7C5079%3A5000006400,2025-03-21 15:34:19
Apple iPhone 14 Pro A2650 256GB Unlocked Very Good Condition,$439.99,"$999.00 | 56% OFF
Previous price: $999.00 56% off",https://www.ebay.com/itm/355896536737?_trkparms=5373%3A5000006400%7C5374%3ATech%7C5079%3A5000006400,2025-03-21 15:34:19
Samsung Galaxy S21 Plus 5G G996 128GB Unlocked - Excellent,$204.95,"$999.99 | 80% OFF
Previous price: $999.99 80% off",https://www.ebay.com/itm/363623942303?_trkparms=5373%3A5000006400%7C5374%3ATech%7C5079%3A5000006423,2025-03-21 15:34:19
Apple iPhone 13 mini 128GB Factory Unlocked AT&T T-Mobile Verizon Very Good,$264.95,"$699.00 | 62% OFF
Previous price: $699.00 62% off",https://www.ebay.com/itm/304517572567?_trkparms=5373%3A5000006400%7C5374%3ATech%7C5079%3A5000006423,2025-03-21 15:34:19
Samsung Galaxy S22+ 5G SM-S906U1 128GB 256GB Unlocked Very Good Refurbished,$234.95,"$1,199.99 | 80% OFF
Previous price: $1,199.99 80% off",https://www.ebay.com/itm/204769428202?_trkparms=5373%3A5000006400%7C5374%3ATech%7C5079%3A5000006423,2025-03-21 15:34:19
Apple iPhone 14 256GB Factory Unlocked AT&T T-Mobile Verizon Very Good Condition,$369.95,"$899.00 | 59% OFF
Previous price: $899.00 59% off",https://www.ebay.com/itm/295504908589?_trkparms=5373%3A5000006400%7C5374%3ATech%7C5079%3A5000006423,2025-03-21 15:34:19
Apple iPhone 12 64GB - Fully Unlocked - VERY GOOD Condition!! Unlocked!!,$210.99,"$599.00 | 65% OFF
Previous price: $599.00 65% off",https://www.ebay.com/itm/325852789181?_trkparms=5373%3A5000006400%7C5374%3ATech%7C5079%3A5000006423,2025-03-21 15:34:19
"Acer Aspire 3 Laptop 15.6"" 1TB AMD Ryzen 5 7520U 2.8GHz Certified Reburbished",$275.99,"$499.99 | 45% OFF
Previous price: $499.99 45% off",https://www.ebay.com/itm/266889342994?_trkparms=5373%3A5000006400%7C5374%3ATech%7C5079%3A5000006407,2025-03-21 15:34:20
"Microsoft Surface Laptop 7 Copilot+PC 13.8"" Snapdragon X Plus 16GB RAM 256GB SSD",$602.00,"$999.00 | 40% OFF
Previous price: $999.00 40% off",https://www.ebay.com/itm/176698351316?_trkparms=5373%3A5000006400%7C5374%3ATech%7C5079%3A5000006407,2025-03-21 15:34:20
"1 Year Warranty MacBook Pro 16"" M1 Max 2021 3.20GHz/64GB/1TB/24-Core GPU - A2485","$1,489.99","$2,699.00 | 45% OFF
Previous price: $2,699.00 45% off",https://www.ebay.com/itm/356568337558?_trkparms=5373%3A5000006400%7C5374%3ATech%7C5079%3A5000006407,2025-03-21 15:34:20
"HP ENVY Laptop Intel Core Ultra 7 155U RTX 3050 32GB RAM 1TB SSD 17.3"" FHD W11H",$769.99,"$1,099.99 | 30% OFF
Previous price: $1,099.99 30% off",https://www.ebay.com/itm/305844871800?_trkparms=5373%3A5000006400%7C5374%3ATech%7C5079%3A5000006407,2025-03-21 15:34:20
"HP Laptop AMD Ryzen 5 7530U 16GB 1 TB SSD 17.3"" Touchscreen W11H 17-cp3055cl",$399.99,"$599.99 | 33% OFF
Previous price: $599.99 33% off",https://www.ebay.com/itm/305956067711?_trkparms=5373%3A5000006400%7C5374%3ATech%7C5079%3A5000006407,2025-03-21 15:34:20
Onkyo TX-SR3100 5.2 Channel A/V Receiver,$261.00,"$499.99 | 48% OFF
Previous price: $499.99 48% off",https://www.ebay.com/itm/166907766940?_trkparms=5373%3A5000006400%7C5374%3ATech%7C5079%3A5000006409,2025-03-21 15:34:20
"Sony Bravia XR 65"" X90L 4K HDR Full Array LED Smart TV XR65X90L",$759.00,"$1,599.99 | 53% OFF
Previous price: $1,599.99 53% off",https://www.ebay.com/itm/335504276344?_trkparms=5373%3A5000006400%7C5374%3ATech%7C5079%3A5000006409,2025-03-21 15:34:20
LG 55-Inch Class OLED evo G4 Series 4K TV with webOS 24,"$1,499.00","$3,199.95 | 53% OFF
Previous price: $3,199.95 53% off",https://www.ebay.com/itm/186732090674?_trkparms=5373%3A5000006400%7C5374%3ATech%7C5079%3A5000006409,2025-03-21 15:34:20
Samsung Music Frame Dolby Atmos Picture Frame/Smart Speaker,$160.00,"$499.99 | 68% OFF
Previous price: $499.99 68% off",https://www.ebay.com/itm/186849010545?_trkparms=5373%3A5000006400%7C5374%3ATech%7C5079%3A5000006409,2025-03-21 15:34:20
LG 77-Inch Class OLED evo C4 Series TV with webOS 24,"$1,856.00","$4,199.95 | 56% OFF
Previous price: $4,199.95 56% off",https://www.ebay.com/itm/156232239135?_trkparms=5373%3A5000006400%7C5374%3ATech%7C5079%3A5000006409,2025-03-21 15:34:20
DJI Avata 2 Fly More Goggles N3 Vlogger Bundle(3 Batteries),"$1,309.00","$1,309.00",https://www.ebay.com/itm/306032706909?_trkparms=5373%3A5000006400%7C5374%3ATech%7C5079%3A5000006430,2025-03-21 15:34:20
Nikon PROSTAFF P3 10x42 Waterproof Fogproof Drop Resistant Black Binocular,$102.00,"$189.99 | 46% OFF
Previous price: $189.99 46% off",https://www.ebay.com/itm/296738244180?_trkparms=5373%3A5000006400%7C5374%3ATech%7C5079%3A5000006430,2025-03-21 15:34:20
DJI Mavic 3 Classic Fly More Pro Vlogger -2 Battery Combo (DJI RC) Drone-CRB,"$1,499.00","$1,899.00 | 21% OFF
Previous price: $1,899.00 21% off",https://www.ebay.com/itm/305955941857?_trkparms=5373%3A5000006400%7C5374%3ATech%7C5079%3A5000006430,2025-03-21 15:34:20
DJI Mini 3 Pro Fly More Vlogger Combo (DJI RC ) Drone 4k,$937.00,"$1,249.00 | 25% OFF
Previous price: $1,249.00 25% off",https://www.ebay.com/itm/305845152874?_trkparms=5373%3A5000006400%7C5374%3ATech%7C5079%3A5000006430,2025-03-21 15:34:20
Samsung Music Frame Dolby Atmos Picture Frame/Smart Speaker,$160.00,"$499.99 | 68% OFF
Previous price: $499.99 68% off",https://www.ebay.com/itm/186849010545?_trkparms=5373%3A5000006400%7C5374%3ATech%7C5079%3A5000006430,2025-03-21 15:34:20
Logitech - G CLOUD Gaming Handheld Console - White,$164.99,"$349.99 | 53% OFF
Previous price: $349.99 53% off",https://www.ebay.com/itm/167017920150?_trkparms=5373%3A5000006400%7C5374%3ATech%7C5079%3A5000006401,2025-03-21 15:34:20
Nintendo Switch OLED 64GB NEON Red Blue Joy Con Newest Version +FAST FREE SHIP!‚≠ê,$269.99,"$359.99 | 25% OFF
Previous price: $359.99 25% off",https://www.ebay.com/itm/195122716310?_trkparms=5373%3A5000006400%7C5374%3ATech%7C5079%3A5000006401,2025-03-21 15:34:20
"Audeze Maxwell Wireless Gaming Headset for Xbox, PS, Mac, & PC",$278.00,"$373.99 | 26% OFF
Previous price: $373.99 26% off",https://www.ebay.com/itm/205305863435?_trkparms=5373%3A5000006400%7C5374%3ATech%7C5079%3A5000006401,2025-03-21 15:34:21
"Audeze Maxwell Wireless Gaming Headset for PlayStation, Mac, PC, and Switch",$264.00,"$305.99 | 14% OFF
Previous price: $305.99 14% off",https://www.ebay.com/itm/197038681586?_trkparms=5373%3A5000006400%7C5374%3ATech%7C5079%3A5000006401,2025-03-21 15:34:21
Nintendo Switch Console with Neon Blue and Neon Red Joy Cons 32GB V2,$243.33,"$299.99 | 19% OFF
Previous price: $299.99 19% off",https://www.ebay.com/itm/195302472644?_trkparms=5373%3A5000006400%7C5374%3ATech%7C5079%3A5000006401,2025-03-21 15:34:21
"SGIN 10.1"" Tablet Android 13 128GB ROM 4GB RAM WIFI Quad-Core Tablet Dual Camera",$57.49,"$239.96 | 76% OFF
Previous price: $239.96 76% off",https://www.ebay.com/itm/235352196431?_trkparms=5373%3A5000006400%7C5374%3ATech%7C5079%3A5000006415,2025-03-21 15:34:21
Apple iPad 10th Gen 64GB Silver Wi-Fi MPQ03LL/A,$238.00,"$449.00 | 47% OFF
Previous price: $449.00 47% off",https://www.ebay.com/itm/125772110133?_trkparms=5373%3A5000006400%7C5374%3ATech%7C5079%3A5000006415,2025-03-21 15:34:21
"2020 Apple iPad 8 10.2"" Display 32GB WiFi Only MYL92LL/A Space Gray - Very Good",$143.99,"$329.00 | 56% OFF
Previous price: $329.00 56% off",https://www.ebay.com/itm/354233898171?_trkparms=5373%3A5000006400%7C5374%3ATech%7C5079%3A5000006415,2025-03-21 15:34:21
"2020 iPad 8th Gen 10.2"" MYN32LL/A 32GB & Cellular Unlocked (Space Gray) - Good",$136.99,"$329.00 | 58% OFF
Previous price: $329.00 58% off",https://www.ebay.com/itm/354250488438?_trkparms=5373%3A5000006400%7C5374%3ATech%7C5079%3A5000006415,2025-03-21 15:34:21
"Samsung Galaxy Tab S8 Ultra 14.6"" 128GB X900 Wifi Only No S-Pen - Excellent",$390.00,"$899.99 | 57% OFF
Previous price: $899.99 57% off",https://www.ebay.com/itm/256402595266?_trkparms=5373%3A5000006400%7C5374%3ATech%7C5079%3A5000006415,2025-03-21 15:34:21
Apple AirPods Pro 2nd Generation Gen 2 2023 A2968 with Magsafe USB-C Charging,$149.95,"$250.00 | 40% OFF
Previous price: $250.00 40% off",https://www.ebay.com/itm/285636515887?_trkparms=5373%3A5000006400%7C5374%3ATech%7C5079%3A5000006419,2025-03-21 15:34:21
Sony WF-1000XM5 Truly Wireless Bluetooth Noise Canceling Headphones - Black,$112.99,"$299.99 | 62% OFF
Previous price: $299.99 62% off",https://www.ebay.com/itm/276015021037?_trkparms=5373%3A5000006400%7C5374%3ATech%7C5079%3A5000006419,2025-03-21 15:34:21
Anker PowerCoreIII Sense Portable Charger 10K Power Bank 20W USB-C for iPhone,$14.99,"$39.99 | 63% OFF
Previous price: $39.99 63% off",https://www.ebay.com/itm/383508840902?_trkparms=5373%3A5000006400%7C5374%3ATech%7C5079%3A5000006419,2025-03-21 15:34:21
Anker 20W USB-C Portable Charger Power Bank 10000mAh Power Delivery Battery Pack,$14.99,"$39.99 | 63% OFF
Previous price: $39.99 63% off",https://www.ebay.com/itm/385001141142?_trkparms=5373%3A5000006400%7C5374%3ATech%7C5079%3A5000006419,2025-03-21 15:34:21
Soundcore Liberty 4 SE True Wireless Earbuds Heart Rate Sensor Noise Cancelling,$46.99,"$149.99 | 69% OFF
Previous price: $149.99 69% off",https://www.ebay.com/itm/385693088002?_trkparms=5373%3A5000006400%7C5374%3ATech%7C5079%3A5000006419,2025-03-21 15:34:21
"Seagate IronWolf 12TB 7200RPM SATA 6Gb/s 256MB 3.5"" NAS Hard Drive ST12000VN0007",$133.99,"$189.99 | 29% OFF
Previous price: $189.99 29% off",https://www.ebay.com/itm/166672350380?_trkparms=5373%3A5000006400%7C5374%3ATech%7C5079%3A5000006421,2025-03-21 15:34:21
"Seagate Exos 28TB 7.2K RPM SATA 6Gb/s 3.5"" Enterprise HDD - ST28000NM000C",$334.99,"$379.99 | 12% OFF
Previous price: $379.99 12% off",https://www.ebay.com/itm/296879436001?_trkparms=5373%3A5000006400%7C5374%3ATech%7C5079%3A5000006421,2025-03-21 15:34:21
"Seagate Skyhawk AI ST12000VX0017 12TB 7200RPM 3.5"" SATA 6.0Gb/s Surveillance HDD",$115.99,"$179.99 | 36% OFF
Previous price: $179.99 36% off",https://www.ebay.com/itm/176895047318?_trkparms=5373%3A5000006400%7C5374%3ATech%7C5079%3A5000006421,2025-03-21 15:34:21
"Seagate EXOS X16 16TB 256MB 7200rpm 3.5"" SATA 6Gb/s Enterprise HDD ST16000NM001G",$179.99,"$219.99 | 18% OFF
Previous price: $219.99 18% off",https://www.ebay.com/itm/175804626117?_trkparms=5373%3A5000006400%7C5374%3ATech%7C5079%3A5000006421,2025-03-21 15:34:21
"Seagate ST12000NM0117 12TB 256MB 7200RPM 3.5"" SATA 6.0Gb/s Enterprise Hard Drive",$124.99,"$179.99 | 31% OFF
Previous price: $179.99 31% off",https://www.ebay.com/itm/176407579611?_trkparms=5373%3A5000006400%7C5374%3ATech%7C5079%3A5000006421,2025-03-21 15:34:21
"Aura Studio 3, Wireless speaker with beautiful Harman Kardon sound",$99.95,"$299.95 | 67% OFF
Previous price: $299.95 67% off",https://www.ebay.com/itm/395535173196?_trkparms=5373%3A5000006400%7C5374%3ATech%7C5079%3A5000006403,2025-03-21 15:34:22
STATUS Between 3ANC Wireless Earbuds (CERTIFIED REFURBISHED) - ONYX,$82.88,"$119.00 | 30% OFF
Previous price: $119.00 30% off",https://www.ebay.com/itm/266692431952?_trkparms=5373%3A5000006400%7C5374%3ATech%7C5079%3A5000006403,2025-03-21 15:34:22
Sony WH-1000XM5/B Wireless Industry Leading Noise Canceling Bluetooth Headphones,$199.99,"$399.99 | 50% OFF
Previous price: $399.99 50% off",https://www.ebay.com/itm/314074071401?_trkparms=5373%3A5000006400%7C5374%3ATech%7C5079%3A5000006403,2025-03-21 15:34:22
Skullcandy Smokin' Buds XT- Black (CERTIFIED REFURBISHED),$11.13,"$18.99 | 41% OFF
Previous price: $18.99 41% off",https://www.ebay.com/itm/266646620402?_trkparms=5373%3A5000006400%7C5374%3ATech%7C5079%3A5000006403,2025-03-21 15:34:22
Sony WF-1000XM5 Truly Wireless Bluetooth Noise Canceling Headphones - Silver,$112.99,"$299.99 | 62% OFF
Previous price: $299.99 62% off",https://www.ebay.com/itm/276042057973?_trkparms=5373%3A5000006400%7C5374%3ATech%7C5079%3A5000006403,2025-03-21 15:34:22
Ricoh/Fujitsu ScanSnap iX1400 One-Touch 600dpi 40ppm/80ipm Auto Duplex Scanner,$195.00,"$435.00 | 55% OFF
Previous price: $435.00 55% off",https://www.ebay.com/itm/176489716730?_trkparms=5373%3A5000006400%7C5374%3ATech%7C5079%3A5000006417,2025-03-21 15:34:22
Canon Color imageCLASS MF642Cdw Wireless Laser Printer w/ Toner PRMCT054H-4 Pack,$309.99,"$599.95 | 48% OFF
Previous price: $599.95 48% off",https://www.ebay.com/itm/296874880362?_trkparms=5373%3A5000006400%7C5374%3ATech%7C5079%3A5000006417,2025-03-21 15:34:22
Canon Color imageCLASS MF642Cdw Wireless All-In-One Laser Printer - White,$259.99,"$309.95 | 16% OFF
Previous price: $309.95 16% off",https://www.ebay.com/itm/375669059982?_trkparms=5373%3A5000006400%7C5374%3ATech%7C5079%3A5000006417,2025-03-21 15:34:22
Canon Color imageCLASS MF644Cdw All In One White and Black Duplex Laser Printer,$279.99,"$349.95 | 20% OFF
Previous price: $349.95 20% off",https://www.ebay.com/itm/286076185580?_trkparms=5373%3A5000006400%7C5374%3ATech%7C5079%3A5000006417,2025-03-21 15:34:22
Canon Color imageCLASS MF743Cdw All In One White and Black Duplex Laser Printer,$319.99,"$399.95 | 20% OFF
Previous price: $399.95 20% off",https://www.ebay.com/itm/375669062290?_trkparms=5373%3A5000006400%7C5374%3ATech%7C5079%3A5000006417,2025-03-21 15:34:22
Hifonics HFXR Digital Signal Processor Universal Mobile Audio Silver New,$49.95,"$99.99 | 50% OFF
Previous price: $99.99 50% off",https://www.ebay.com/itm/155477831041?_trkparms=5373%3A5000006400%7C5374%3ATech%7C5079%3A5000006432,2025-03-21 15:34:22
MB Quart FKB169 6x9 2-Way Car Speakers 75W RMS 150W Peak UTV Compatible New,$39.88,"$79.99 | 50% OFF
Previous price: $79.99 50% off",https://www.ebay.com/itm/155534258683?_trkparms=5373%3A5000006400%7C5374%3ATech%7C5079%3A5000006432,2025-03-21 15:34:22
MB Quart Formula FKB168 5x7/6x8 2-Way Car Speakers 50W RMS 100W Peak Power New,$24.99,"$44.99 | 44% OFF
Previous price: $44.99 44% off",https://www.ebay.com/itm/155534260342?_trkparms=5373%3A5000006400%7C5374%3ATech%7C5079%3A5000006432,2025-03-21 15:34:22
ZS5768CX ZEUS 5x7/6x8 Inch Speakers 1-inch Neo-Mylar Soft Dome Tweeter,$26.73,"$54.99 | 51% OFF
Previous price: $54.99 51% off",https://www.ebay.com/itm/155691326798?_trkparms=5373%3A5000006400%7C5374%3ATech%7C5079%3A5000006432,2025-03-21 15:34:22
MB Quart Formula 1 inch Tweeter kit,$27.95,"$39.99 | 30% OFF
Previous price: $39.99 30% off",https://www.ebay.com/itm/155835299206?_trkparms=5373%3A5000006400%7C5374%3ATech%7C5079%3A5000006432,2025-03-21 15:34:22
Sony FE 24-70mm F2.8 GM II Lens,"$1,719.00","$2,306.99 | 25% OFF
Previous price: $2,306.99 25% off",https://www.ebay.com/itm/204911213109?_trkparms=5373%3A5000006400%7C5374%3ATech%7C5079%3A5000006425,2025-03-21 15:34:22
Canon 3680C002 Rf 24-70mm F2.8 L is USM,"$1,849.00","$2,656.99 | 30% OFF
Previous price: $2,656.99 30% off",https://www.ebay.com/itm/326389378879?_trkparms=5373%3A5000006400%7C5374%3ATech%7C5079%3A5000006425,2025-03-21 15:34:22
"Sigma 24-70MM F2.8 DG DN II ART Lens, L Mount",$999.00,"$2,616.00 | 62% OFF
Previous price: $2,616.00 62% off",https://www.ebay.com/itm/286205099093?_trkparms=5373%3A5000006400%7C5374%3ATech%7C5079%3A5000006425,2025-03-21 15:34:22
Sony FE 70-200mm F4 Macro G OSS II,"$1,279.00","$1,737.99 | 26% OFF
Previous price: $1,737.99 26% off",https://www.ebay.com/itm/197123341040?_trkparms=5373%3A5000006400%7C5374%3ATech%7C5079%3A5000006425,2025-03-21 15:34:23
Sony Alpha 20mm f/2.8 E-Mount Prime Lens,$285.36,"$714.00 | 60% OFF
Previous price: $714.00 60% off",https://www.ebay.com/itm/286132655884?_trkparms=5373%3A5000006400%7C5374%3ATech%7C5079%3A5000006425,2025-03-21 15:34:23
Onkyo TX-SR3100 5.2 Channel A/V Receiver,$261.00,"$499.99 | 48% OFF
Previous price: $499.99 48% off",https://www.ebay.com/itm/166907766940?_trkparms=5373%3A5000006400%7C5374%3ATech%7C5079%3A5000006413,2025-03-21 15:34:23
"Sony Bravia XR 65"" X90L 4K HDR Full Array LED Smart TV XR65X90L",$759.00,"$1,599.99 | 53% OFF
Previous price: $1,599.99 53% off",https://www.ebay.com/itm/335504276344?_trkparms=5373%3A5000006400%7C5374%3ATech%7C5079%3A5000006413,2025-03-21 15:34:23
LG 55-Inch Class OLED evo G4 Series 4K TV with webOS 24,"$1,499.00","$3,199.95 | 53% OFF
Previous price: $3,199.95 53% off",https://www.ebay.com/itm/186732090674?_trkparms=5373%3A5000006400%7C5374%3ATech%7C5079%3A5000006413,2025-03-21 15:34:23
Samsung Music Frame Dolby Atmos Picture Frame/Smart Speaker,$160.00,"$499.99 | 68% OFF
Previous price: $499.99 68% off",https://www.ebay.com/itm/186849010545?_trkparms=5373%3A5000006400%7C5374%3ATech%7C5079%3A5000006413,2025-03-21 15:34:23
"Aura Studio 3, Wireless speaker with beautiful Harman Kardon sound",$99.95,"$299.95 | 67% OFF
Previous price: $299.95 67% off",https://www.ebay.com/itm/395535173196?_trkparms=5373%3A5000006400%7C5374%3ATech%7C5079%3A5000006413,2025-03-21 15:34:23
Apple Pencil (USB-C) - White Stylus MUWA3AM/A with Pixel-Perfect Precision,$51.45,"$80.00 | 36% OFF
Previous price: $80.00 36% off",https://www.ebay.com/itm/296262723993?_trkparms=5373%3A5000006400%7C5374%3ATech%7C5079%3A5000006427,2025-03-21 15:34:23
"Logitech Z623 400 Watt Home Speaker System, 2.1 Speaker System - Black",$95.00,"$132.68 | 28% OFF
Previous price: $132.68 28% off",https://www.ebay.com/itm/167065352702?_trkparms=5373%3A5000006400%7C5374%3ATech%7C5079%3A5000006427,2025-03-21 15:34:23
Logitech G560 PC Gaming Speaker System with 7.1 DTS:X Ultra Surround Sound,$128.00,"$249.99 | 49% OFF
Previous price: $249.99 49% off",https://www.ebay.com/itm/167051732357?_trkparms=5373%3A5000006400%7C5374%3ATech%7C5079%3A5000006427,2025-03-21 15:34:23
Razer Barracuda X Wireless Multi Platform Gaming and Mobile Black Headset,$41.99,"$99.95 | 58% OFF
Previous price: $99.95 58% off",https://www.ebay.com/itm/286097764131?_trkparms=5373%3A5000006400%7C5374%3ATech%7C5079%3A5000006427,2025-03-21 15:34:23
"SteelSeries Arctis Nova Pro Gaming Headset for Xbox, PC, PS4, and PS5 (Refurb)",$144.99,"$249.99 | 42% OFF
Previous price: $249.99 42% off",https://www.ebay.com/itm/295963007018?_trkparms=5373%3A5000006400%7C5374%3ATech%7C5079%3A5000006427,2025-03-21 15:34:23
Samsung Galaxy S21 Plus 5G G996 128GB Unlocked - Excellent,$204.95,"$999.99 | 80% OFF
Previous price: $999.99 80% off",https://www.ebay.com/itm/363623942303?_trkparms=5373%3A5000006400%7C5374%3ATech%7C5079%3A5000006411,2025-03-21 15:34:23
Apple iPhone 13 mini 128GB Factory Unlocked AT&T T-Mobile Verizon Very Good,$264.95,"$699.00 | 62% OFF
Previous price: $699.00 62% off",https://www.ebay.com/itm/304517572567?_trkparms=5373%3A5000006400%7C5374%3ATech%7C5079%3A5000006411,2025-03-21 15:34:23
Samsung Galaxy Watch4 Classic 46mm R890 GPS - Very Good,$49.99,"$379.99 | 87% OFF
Previous price: $379.99 87% off",https://www.ebay.com/itm/255880698895?_trkparms=5373%3A5000006400%7C5374%3ATech%7C5079%3A5000006411,2025-03-21 15:34:24
Apple Watch Series SE (2nd Gen) 40mm GPS + WiFi + Cellular Unlocked - Excellent,$137.99,"$299.99 | 54% OFF
Previous price: $299.99 54% off",https://www.ebay.com/itm/196138751781?_trkparms=5373%3A5000006400%7C5374%3ATech%7C5079%3A5000006411,2025-03-21 15:34:24
Samsung Galaxy Watch 6 Classic 43mm Bluetooth R950 - Excellent,$99.99,"$159.99 | 38% OFF
Previous price: $159.99 38% off",https://www.ebay.com/itm/326305248291?_trkparms=5373%3A5000006400%7C5374%3ATech%7C5079%3A5000006411,2025-03-21 15:34:24
TP-Link Deco AXE5300 Wi-Fi 6E Tri-Band 9 3-Pack (Refurbished),$174.99,"$299.99 | 42% OFF
Previous price: $299.99 42% off",https://www.ebay.com/itm/144782360525?_trkparms=5373%3A5000006400%7C5374%3ATech%7C5079%3A5000006405,2025-03-21 15:34:24
Ricoh/Fujitsu ScanSnap iX1400 One-Touch 600dpi 40ppm/80ipm Auto Duplex Scanner,$195.00,"$435.00 | 55% OFF
Previous price: $435.00 55% off",https://www.ebay.com/itm/176489716730?_trkparms=5373%3A5000006400%7C5374%3ATech%7C5079%3A5000006405,2025-03-21 15:34:24
"Acer XZ322QU 31.5"" Curved Monitor LED 144Hz 2560x1440 Certified Refurbished",$149.99,"$249.99 | 40% OFF
Previous price: $249.99 40% off",https://www.ebay.com/itm/256547414823?_trkparms=5373%3A5000006400%7C5374%3ATech%7C5079%3A5000006405,2025-03-21 15:34:24
"Acer PM161Q 15.6"" Monitor LCD Display 60Hz 1920x1080 Certified Refurbished",$59.99,"$149.99 | 60% OFF
Previous price: $149.99 60% off",https://www.ebay.com/itm/275924898150?_trkparms=5373%3A5000006400%7C5374%3ATech%7C5079%3A5000006405,2025-03-21 15:34:24
"Acer CB272 E 27"" Monitor FullHD 1920x1080 100Hz IPS 1ms 250Nit HDMI DisplayPort",$89.99,"$139.99 | 36% OFF
Previous price: $139.99 36% off",https://www.ebay.com/itm/266600046936?_trkparms=5373%3A5000006400%7C5374%3ATech%7C5079%3A5000006405,2025-03-21 15:34:24
"Apple iPad 7 10.2"" 32GB 128GB Space Gray Gold Silver WiFi or Cellular - Good",$132.99,$132.99,https://www.ebay.com/itm/154843157684?_trkparms=5373%3A5000006400%7C5374%3ATech%7C5079%3A5000006400,2025-03-21 18:46:06
"Seagate EXOS X16 ST14000NM005G 14TB 256MB 7200rpm 3.5"" SATA 6Gb/s Enterprise HDD",$147.99,"$199.99 | 26% OFF
Previous price: $199.99 26% off",https://www.ebay.com/itm/176825170520?_trkparms=5373%3A5000006400%7C5374%3ATech%7C5079%3A5000006400,2025-03-21 18:46:06
36V 105Ah Golf Cart LiFePO4 Lithium Battery 15000+ Cycle 200A BMS + 20A Charger,$829.99,"$1,499.99 | 45% OFF
Previous price: $1,499.99 45% off",https://www.ebay.com/itm/364958681355?_trkparms=5373%3A5000006400%7C5374%3ATech%7C5079%3A5000006400,2025-03-21 18:46:06
üî• Nintendo Switch OLED 64GB WHITE Joy Cons Newest Game Console + 2 Day SHIP! üî•,$269.99,"$369.99 | 27% OFF
Previous price: $369.99 27% off",https://www.ebay.com/itm/194991515485?_trkparms=5373%3A5000006400%7C5374%3ATech%7C5079%3A5000006400,2025-03-21 18:46:06
VIZIO V20x-J8B-RB V-Series 2.0 Compact Sound Bar,$42.34,"$149.95 | 72% OFF
Previous price: $149.95 72% off",https://www.ebay.com/itm/135394456824?_trkparms=5373%3A5000006400%7C5374%3ATech%7C5079%3A5000006400,2025-03-21 18:46:06
Samsung Galaxy Watch5 Pro 45mm R920N GPS - Very Good,$79.99,"$449.99 | 82% OFF
Previous price: $449.99 82% off",https://www.ebay.com/itm/256277867994?_trkparms=5373%3A5000006400%7C5374%3ATech%7C5079%3A5000006400,2025-03-21 18:46:06
LG 65 Inch Class OLED evo C4 Series Smart TV 4K Processor (2024),"$1,185.00","$2,699.00 | 56% OFF
Previous price: $2,699.00 56% off",https://www.ebay.com/itm/316524852706?_trkparms=5373%3A5000006400%7C5374%3ATech%7C5079%3A5000006400,2025-03-21 18:46:07
Apple iPhone 14 Pro Max 256GB Unlocked Very Good Condition,$539.99,"$1,199.00 | 55% OFF
Previous price: $1,199.00 55% off",https://www.ebay.com/itm/355896538160?_trkparms=5373%3A5000006400%7C5374%3ATech%7C5079%3A5000006400,2025-03-21 18:46:07
Apple iPhone 14 Pro Max 128GB Network Unlocked Very Good Condition,$509.99,"$1,099.00 | 54% OFF
Previous price: $1,099.00 54% off",https://www.ebay.com/itm/355094939620?_trkparms=5373%3A5000006400%7C5374%3ATech%7C5079%3A5000006400,2025-03-21 18:46:07
Apple iPhone 14 Pro A2650 256GB Unlocked Very Good Condition,$439.99,"$999.00 | 56% OFF
Previous price: $999.00 56% off",https://www.ebay.com/itm/355896536737?_trkparms=5373%3A5000006400%7C5374%3ATech%7C5079%3A5000006400,2025-03-21 18:46:07
"Acer Aspire 3 15.6"" Laptop 512GB AMD Ryzen 7 5700U 1.8GHz Certified Refurbished",$287.99,"$599.99 | 52% OFF
Previous price: $599.99 52% off",https://www.ebay.com/itm/256553867657?_trkparms=5373%3A5000006400%7C5374%3ATech%7C5079%3A5000006400,2025-03-21 18:46:07
Apple iPhone 13 A2482 128GB Network Unlocked Very Good Condition,$259.99,"$699.00 | 63% OFF
Previous price: $699.00 63% off",https://www.ebay.com/itm/354393355064?_trkparms=5373%3A5000006400%7C5374%3ATech%7C5079%3A5000006400,2025-03-21 18:46:07
Samsung Galaxy S21 Plus 5G G996 128GB Unlocked - Excellent,$204.95,"$999.99 | 80% OFF
Previous price: $999.99 80% off",https://www.ebay.com/itm/363623942303?_trkparms=5373%3A5000006400%7C5374%3ATech%7C5079%3A5000006423,2025-03-21 18:46:07
Apple iPhone 13 mini 128GB Factory Unlocked AT&T T-Mobile Verizon Very Good,$264.95,"$699.00 | 62% OFF
Previous price: $699.00 62% off",https://www.ebay.com/itm/304517572567?_trkparms=5373%3A5000006400%7C5374%3ATech%7C5079%3A5000006423,2025-03-21 18:46:07
Samsung Galaxy S22+ 5G SM-S906U1 128GB 256GB Unlocked Very Good Refurbished,$234.95,"$1,199.99 | 80% OFF
Previous price: $1,199.99 80% off",https://www.ebay.com/itm/204769428202?_trkparms=5373%3A5000006400%7C5374%3ATech%7C5079%3A5000006423,2025-03-21 18:46:07
Apple iPhone 14 256GB Factory Unlocked AT&T T-Mobile Verizon Very Good Condition,$369.95,"$899.00 | 59% OFF
Previous price: $899.00 59% off",https://www.ebay.com/itm/295504908589?_trkparms=5373%3A5000006400%7C5374%3ATech%7C5079%3A5000006423,2025-03-21 18:46:07
Apple iPhone 12 64GB - Fully Unlocked - VERY GOOD Condition!! Unlocked!!,$210.99,"$599.00 | 65% OFF
Previous price: $599.00 65% off",https://www.ebay.com/itm/325852789181?_trkparms=5373%3A5000006400%7C5374%3ATech%7C5079%3A5000006423,2025-03-21 18:46:07
"Acer Aspire 3 Laptop 15.6"" 1TB AMD Ryzen 5 7520U 2.8GHz Certified Reburbished",$275.99,"$499.99 | 45% OFF
Previous price: $499.99 45% off",https://www.ebay.com/itm/266889342994?_trkparms=5373%3A5000006400%7C5374%3ATech%7C5079%3A5000006407,2025-03-21 18:46:07
"Microsoft Surface Laptop 7 Copilot+PC 13.8"" Snapdragon X Plus 16GB RAM 256GB SSD",$602.00,"$999.00 | 40% OFF
Previous price: $999.00 40% off",https://www.ebay.com/itm/176698351316?_trkparms=5373%3A5000006400%7C5374%3ATech%7C5079%3A5000006407,2025-03-21 18:46:07
"1 Year Warranty MacBook Pro 16"" M1 Max 2021 3.20GHz/64GB/1TB/24-Core GPU - A2485","$1,489.99","$2,699.00 | 45% OFF
Previous price: $2,699.00 45% off",https://www.ebay.com/itm/356568337558?_trkparms=5373%3A5000006400%7C5374%3ATech%7C5079%3A5000006407,2025-03-21 18:46:07
"HP ENVY Laptop Intel Core Ultra 7 155U RTX 3050 32GB RAM 1TB SSD 17.3"" FHD W11H",$769.99,"$1,099.99 | 30% OFF
Previous price: $1,099.99 30% off",https://www.ebay.com/itm/305844871800?_trkparms=5373%3A5000006400%7C5374%3ATech%7C5079%3A5000006407,2025-03-21 18:46:07
"HP Laptop AMD Ryzen 5 7530U 16GB 1 TB SSD 17.3"" Touchscreen W11H 17-cp3055cl",$399.99,"$599.99 | 33% OFF
Previous price: $599.99 33% off",https://www.ebay.com/itm/305956067711?_trkparms=5373%3A5000006400%7C5374%3ATech%7C5079%3A5000006407,2025-03-21 18:46:07
Onkyo TX-SR3100 5.2 Channel A/V Receiver,$261.00,"$499.99 | 48% OFF
Previous price: $499.99 48% off",https://www.ebay.com/itm/166907766940?_trkparms=5373%3A5000006400%7C5374%3ATech%7C5079%3A5000006409,2025-03-21 18:46:07
"Sony Bravia XR 65"" X90L 4K HDR Full Array LED Smart TV XR65X90L",$759.00,"$1,599.99 | 53% OFF
Previous price: $1,599.99 53% off",https://www.ebay.com/itm/335504276344?_trkparms=5373%3A5000006400%7C5374%3ATech%7C5079%3A5000006409,2025-03-21 18:46:08
LG 55-Inch Class OLED evo G4 Series 4K TV with webOS 24,"$1,499.00","$3,199.95 | 53% OFF
Previous price: $3,199.95 53% off",https://www.ebay.com/itm/186732090674?_trkparms=5373%3A5000006400%7C5374%3ATech%7C5079%3A5000006409,2025-03-21 18:46:08
Samsung Music Frame Dolby Atmos Picture Frame/Smart Speaker,$160.00,"$499.99 | 68% OFF
Previous price: $499.99 68% off",https://www.ebay.com/itm/186849010545?_trkparms=5373%3A5000006400%7C5374%3ATech%7C5079%3A5000006409,2025-03-21 18:46:08
LG 77-Inch Class OLED evo C4 Series TV with webOS 24,"$1,856.00","$4,199.95 | 56% OFF
Previous price: $4,199.95 56% off",https://www.ebay.com/itm/156232239135?_trkparms=5373%3A5000006400%7C5374%3ATech%7C5079%3A5000006409,2025-03-21 18:46:08
DJI Avata 2 Fly More Goggles N3 Vlogger Bundle(3 Batteries),"$1,309.00","$1,309.00",https://www.ebay.com/itm/306032706909?_trkparms=5373%3A5000006400%7C5374%3ATech%7C5079%3A5000006430,2025-03-21 18:46:08
DJI Mavic 3 Classic Fly More Pro Vlogger -2 Battery Combo (DJI RC) Drone-CRB,"$1,499.00","$1,899.00 | 21% OFF
Previous price: $1,899.00 21% off",https://www.ebay.com/itm/305955941857?_trkparms=5373%3A5000006400%7C5374%3ATech%7C5079%3A5000006430,2025-03-21 18:46:08
DJI Mini 3 Pro Fly More Vlogger Combo (DJI RC ) Drone 4k,$937.00,"$1,249.00 | 25% OFF
Previous price: $1,249.00 25% off",https://www.ebay.com/itm/305845152874?_trkparms=5373%3A5000006400%7C5374%3ATech%7C5079%3A5000006430,2025-03-21 18:46:08
Samsung Music Frame Dolby Atmos Picture Frame/Smart Speaker,$160.00,"$499.99 | 68% OFF
Previous price: $499.99 68% off",https://www.ebay.com/itm/186849010545?_trkparms=5373%3A5000006400%7C5374%3ATech%7C5079%3A5000006430,2025-03-21 18:46:08
Sony FE 24-70mm F2.8 GM II Lens,"$1,719.00","$2,306.99 | 25% OFF
Previous price: $2,306.99 25% off",https://www.ebay.com/itm/204911213109?_trkparms=5373%3A5000006400%7C5374%3ATech%7C5079%3A5000006430,2025-03-21 18:46:08
Logitech - G CLOUD Gaming Handheld Console - White,$164.99,"$349.99 | 53% OFF
Previous price: $349.99 53% off",https://www.ebay.com/itm/167017920150?_trkparms=5373%3A5000006400%7C5374%3ATech%7C5079%3A5000006401,2025-03-21 18:46:08
Nintendo Switch OLED 64GB NEON Red Blue Joy Con Newest Version +FAST FREE SHIP!‚≠ê,$269.99,"$359.99 | 25% OFF
Previous price: $359.99 25% off",https://www.ebay.com/itm/195122716310?_trkparms=5373%3A5000006400%7C5374%3ATech%7C5079%3A5000006401,2025-03-21 18:46:08
"Audeze Maxwell Wireless Gaming Headset for Xbox, PS, Mac, & PC",$278.00,"$373.99 | 26% OFF
Previous price: $373.99 26% off",https://www.ebay.com/itm/205305863435?_trkparms=5373%3A5000006400%7C5374%3ATech%7C5079%3A5000006401,2025-03-21 18:46:08
"Audeze Maxwell Wireless Gaming Headset for PlayStation, Mac, PC, and Switch",$264.00,"$305.99 | 14% OFF
Previous price: $305.99 14% off",https://www.ebay.com/itm/197038681586?_trkparms=5373%3A5000006400%7C5374%3ATech%7C5079%3A5000006401,2025-03-21 18:46:08
Nintendo Switch Console with Neon Blue and Neon Red Joy Cons 32GB V2,$243.33,"$299.99 | 19% OFF
Previous price: $299.99 19% off",https://www.ebay.com/itm/195302472644?_trkparms=5373%3A5000006400%7C5374%3ATech%7C5079%3A5000006401,2025-03-21 18:46:08
"SGIN 10.1"" Tablet Android 13 128GB ROM 4GB RAM WIFI Quad-Core Tablet Dual Camera",$57.49,"$239.96 | 76% OFF
Previous price: $239.96 76% off",https://www.ebay.com/itm/235352196431?_trkparms=5373%3A5000006400%7C5374%3ATech%7C5079%3A5000006415,2025-03-21 18:46:08
Apple iPad 10th Gen 64GB Silver Wi-Fi MPQ03LL/A,$238.00,"$449.00 | 47% OFF
Previous price: $449.00 47% off",https://www.ebay.com/itm/125772110133?_trkparms=5373%3A5000006400%7C5374%3ATech%7C5079%3A5000006415,2025-03-21 18:46:08
"2020 Apple iPad 8 10.2"" Display 32GB WiFi Only MYL92LL/A Space Gray - Very Good",$143.99,"$329.00 | 56% OFF
Previous price: $329.00 56% off",https://www.ebay.com/itm/354233898171?_trkparms=5373%3A5000006400%7C5374%3ATech%7C5079%3A5000006415,2025-03-21 18:46:09
"2020 iPad 8th Gen 10.2"" MYN32LL/A 32GB & Cellular Unlocked (Space Gray) - Good",$136.99,"$329.00 | 58% OFF
Previous price: $329.00 58% off",https://www.ebay.com/itm/354250488438?_trkparms=5373%3A5000006400%7C5374%3ATech%7C5079%3A5000006415,2025-03-21 18:46:09
"Samsung Galaxy Tab S8 Ultra 14.6"" 128GB X900 Wifi Only No S-Pen - Excellent",$390.00,"$899.99 | 57% OFF
Previous price: $899.99 57% off",https://www.ebay.com/itm/256402595266?_trkparms=5373%3A5000006400%7C5374%3ATech%7C5079%3A5000006415,2025-03-21 18:46:09
Apple AirPods Pro 2nd Generation Gen 2 2023 A2968 with Magsafe USB-C Charging,$149.95,"$250.00 | 40% OFF
Previous price: $250.00 40% off",https://www.ebay.com/itm/285636515887?_trkparms=5373%3A5000006400%7C5374%3ATech%7C5079%3A5000006419,2025-03-21 18:46:09
Sony WF-1000XM5 Truly Wireless Bluetooth Noise Canceling Headphones - Black,$112.99,"$299.99 | 62% OFF
Previous price: $299.99 62% off",https://www.ebay.com/itm/276015021037?_trkparms=5373%3A5000006400%7C5374%3ATech%7C5079%3A5000006419,2025-03-21 18:46:09
Anker PowerCoreIII Sense Portable Charger 10K Power Bank 20W USB-C for iPhone,$14.99,"$39.99 | 63% OFF
Previous price: $39.99 63% off",https://www.ebay.com/itm/383508840902?_trkparms=5373%3A5000006400%7C5374%3ATech%7C5079%3A5000006419,2025-03-21 18:46:09
Anker 20W USB-C Portable Charger Power Bank 10000mAh Power Delivery Battery Pack,$14.99,"$39.99 | 63% OFF
Previous price: $39.99 63% off",https://www.ebay.com/itm/385001141142?_trkparms=5373%3A5000006400%7C5374%3ATech%7C5079%3A5000006419,2025-03-21 18:46:09
Soundcore Liberty 4 SE True Wireless Earbuds Heart Rate Sensor Noise Cancelling,$46.99,"$149.99 | 69% OFF
Previous price: $149.99 69% off",https://www.ebay.com/itm/385693088002?_trkparms=5373%3A5000006400%7C5374%3ATech%7C5079%3A5000006419,2025-03-21 18:46:09
"Seagate IronWolf 12TB 7200RPM SATA 6Gb/s 256MB 3.5"" NAS Hard Drive ST12000VN0007",$133.99,"$189.99 | 29% OFF
Previous price: $189.99 29% off",https://www.ebay.com/itm/166672350380?_trkparms=5373%3A5000006400%7C5374%3ATech%7C5079%3A5000006421,2025-03-21 18:46:09
"Seagate Exos 28TB 7.2K RPM SATA 6Gb/s 3.5"" Enterprise HDD - ST28000NM000C",$334.99,"$379.99 | 12% OFF
Previous price: $379.99 12% off",https://www.ebay.com/itm/296879436001?_trkparms=5373%3A5000006400%7C5374%3ATech%7C5079%3A5000006421,2025-03-21 18:46:09
"Seagate Skyhawk AI ST12000VX0017 12TB 7200RPM 3.5"" SATA 6.0Gb/s Surveillance HDD",$115.99,"$179.99 | 36% OFF
Previous price: $179.99 36% off",https://www.ebay.com/itm/176895047318?_trkparms=5373%3A5000006400%7C5374%3ATech%7C5079%3A5000006421,2025-03-21 18:46:09
"Seagate EXOS X16 16TB 256MB 7200rpm 3.5"" SATA 6Gb/s Enterprise HDD ST16000NM001G",$179.99,"$219.99 | 18% OFF
Previous price: $219.99 18% off",https://www.ebay.com/itm/175804626117?_trkparms=5373%3A5000006400%7C5374%3ATech%7C5079%3A5000006421,2025-03-21 18:46:09
"Seagate ST12000NM0117 12TB 256MB 7200RPM 3.5"" SATA 6.0Gb/s Enterprise Hard Drive",$124.99,"$179.99 | 31% OFF
Previous price: $179.99 31% off",https://www.ebay.com/itm/176407579611?_trkparms=5373%3A5000006400%7C5374%3ATech%7C5079%3A5000006421,2025-03-21 18:46:09
"Aura Studio 3, Wireless speaker with beautiful Harman Kardon sound",$99.95,"$299.95 | 67% OFF
Previous price: $299.95 67% off",https://www.ebay.com/itm/395535173196?_trkparms=5373%3A5000006400%7C5374%3ATech%7C5079%3A5000006403,2025-03-21 18:46:09
STATUS Between 3ANC Wireless Earbuds (CERTIFIED REFURBISHED) - ONYX,$82.88,"$119.00 | 30% OFF
Previous price: $119.00 30% off",https://www.ebay.com/itm/266692431952?_trkparms=5373%3A5000006400%7C5374%3ATech%7C5079%3A5000006403,2025-03-21 18:46:09
Sony WH-1000XM5/B Wireless Industry Leading Noise Canceling Bluetooth Headphones,$199.99,"$399.99 | 50% OFF
Previous price: $399.99 50% off",https://www.ebay.com/itm/314074071401?_trkparms=5373%3A5000006400%7C5374%3ATech%7C5079%3A5000006403,2025-03-21 18:46:09
Skullcandy Smokin' Buds XT- Black (CERTIFIED REFURBISHED),$11.13,"$18.99 | 41% OFF
Previous price: $18.99 41% off",https://www.ebay.com/itm/266646620402?_trkparms=5373%3A5000006400%7C5374%3ATech%7C5079%3A5000006403,2025-03-21 18:46:10
Sony WF-1000XM5 Truly Wireless Bluetooth Noise Canceling Headphones - Silver,$112.99,"$299.99 | 62% OFF
Previous price: $299.99 62% off",https://www.ebay.com/itm/276042057973?_trkparms=5373%3A5000006400%7C5374%3ATech%7C5079%3A5000006403,2025-03-21 18:46:10
Ricoh/Fujitsu ScanSnap iX1400 One-Touch 600dpi 40ppm/80ipm Auto Duplex Scanner,$195.00,"$435.00 | 55% OFF
Previous price: $435.00 55% off",https://www.ebay.com/itm/176489716730?_trkparms=5373%3A5000006400%7C5374%3ATech%7C5079%3A5000006417,2025-03-21 18:46:10
Canon Color imageCLASS MF642Cdw Wireless Laser Printer w/ Toner PRMCT054H-4 Pack,$309.99,"$599.95 | 48% OFF
Previous price: $599.95 48% off",https://www.ebay.com/itm/296874880362?_trkparms=5373%3A5000006400%7C5374%3ATech%7C5079%3A5000006417,2025-03-21 18:46:10
Canon Color imageCLASS MF642Cdw Wireless All-In-One Laser Printer - White,$259.99,"$309.95 | 16% OFF
Previous price: $309.95 16% off",https://www.ebay.com/itm/375669059982?_trkparms=5373%3A5000006400%7C5374%3ATech%7C5079%3A5000006417,2025-03-21 18:46:10
Canon Color imageCLASS MF644Cdw All In One White and Black Duplex Laser Printer,$279.99,"$349.95 | 20% OFF
Previous price: $349.95 20% off",https://www.ebay.com/itm/286076185580?_trkparms=5373%3A5000006400%7C5374%3ATech%7C5079%3A5000006417,2025-03-21 18:46:10
Canon Color imageCLASS MF743Cdw All In One White and Black Duplex Laser Printer,$319.99,"$399.95 | 20% OFF
Previous price: $399.95 20% off",https://www.ebay.com/itm/375669062290?_trkparms=5373%3A5000006400%7C5374%3ATech%7C5079%3A5000006417,2025-03-21 18:46:10
Hifonics HFXR Digital Signal Processor Universal Mobile Audio Silver New,$49.95,"$99.99 | 50% OFF
Previous price: $99.99 50% off",https://www.ebay.com/itm/155477831041?_trkparms=5373%3A5000006400%7C5374%3ATech%7C5079%3A5000006432,2025-03-21 18:46:10
MB Quart FKB169 6x9 2-Way Car Speakers 75W RMS 150W Peak UTV Compatible New,$39.88,"$79.99 | 50% OFF
Previous price: $79.99 50% off",https://www.ebay.com/itm/155534258683?_trkparms=5373%3A5000006400%7C5374%3ATech%7C5079%3A5000006432,2025-03-21 18:46:10
MB Quart Formula FKB168 5x7/6x8 2-Way Car Speakers 50W RMS 100W Peak Power New,$24.99,"$44.99 | 44% OFF
Previous price: $44.99 44% off",https://www.ebay.com/itm/155534260342?_trkparms=5373%3A5000006400%7C5374%3ATech%7C5079%3A5000006432,2025-03-21 18:46:10
ZS5768CX ZEUS 5x7/6x8 Inch Speakers 1-inch Neo-Mylar Soft Dome Tweeter,$26.73,"$54.99 | 51% OFF
Previous price: $54.99 51% off",https://www.ebay.com/itm/155691326798?_trkparms=5373%3A5000006400%7C5374%3ATech%7C5079%3A5000006432,2025-03-21 18:46:10
MB Quart Formula 1 inch Tweeter kit,$27.95,"$39.99 | 30% OFF
Previous price: $39.99 30% off",https://www.ebay.com/itm/155835299206?_trkparms=5373%3A5000006400%7C5374%3ATech%7C5079%3A5000006432,2025-03-21 18:46:10
Sony FE 24-70mm F2.8 GM II Lens,"$1,719.00","$2,306.99 | 25% OFF
Previous price: $2,306.99 25% off",https://www.ebay.com/itm/204911213109?_trkparms=5373%3A5000006400%7C5374%3ATech%7C5079%3A5000006425,2025-03-21 18:46:10
Canon 3680C002 Rf 24-70mm F2.8 L is USM,"$1,849.00","$2,656.99 | 30% OFF
Previous price: $2,656.99 30% off",https://www.ebay.com/itm/326389378879?_trkparms=5373%3A5000006400%7C5374%3ATech%7C5079%3A5000006425,2025-03-21 18:46:10
"Sigma 24-70MM F2.8 DG DN II ART Lens, L Mount",$999.00,"$2,616.00 | 62% OFF
Previous price: $2,616.00 62% off",https://www.ebay.com/itm/286205099093?_trkparms=5373%3A5000006400%7C5374%3ATech%7C5079%3A5000006425,2025-03-21 18:46:10
Sony FE 70-200mm F4 Macro G OSS II,"$1,279.00","$1,737.99 | 26% OFF
Previous price: $1,737.99 26% off",https://www.ebay.com/itm/197123341040?_trkparms=5373%3A5000006400%7C5374%3ATech%7C5079%3A5000006425,2025-03-21 18:46:10
Sony FE 70-200mm F2.8 GM OSS II Full-Frame Constant-Aperture Lens,"$2,399.00","$3,166.00 | 24% OFF
Previous price: $3,166.00 24% off",https://www.ebay.com/itm/286150852827?_trkparms=5373%3A5000006400%7C5374%3ATech%7C5079%3A5000006425,2025-03-21 18:46:11
Onkyo TX-SR3100 5.2 Channel A/V Receiver,$261.00,"$499.99 | 48% OFF
Previous price: $499.99 48% off",https://www.ebay.com/itm/166907766940?_trkparms=5373%3A5000006400%7C5374%3ATech%7C5079%3A5000006413,2025-03-21 18:46:11
"Sony Bravia XR 65"" X90L 4K HDR Full Array LED Smart TV XR65X90L",$759.00,"$1,599.99 | 53% OFF
Previous price: $1,599.99 53% off",https://www.ebay.com/itm/335504276344?_trkparms=5373%3A5000006400%7C5374%3ATech%7C5079%3A5000006413,2025-03-21 18:46:11
LG 55-Inch Class OLED evo G4 Series 4K TV with webOS 24,"$1,499.00","$3,199.95 | 53% OFF
Previous price: $3,199.95 53% off",https://www.ebay.com/itm/186732090674?_trkparms=5373%3A5000006400%7C5374%3ATech%7C5079%3A5000006413,2025-03-21 18:46:11
Samsung Music Frame Dolby Atmos Picture Frame/Smart Speaker,$160.00,"$499.99 | 68% OFF
Previous price: $499.99 68% off",https://www.ebay.com/itm/186849010545?_trkparms=5373%3A5000006400%7C5374%3ATech%7C5079%3A5000006413,2025-03-21 18:46:11
"Aura Studio 3, Wireless speaker with beautiful Harman Kardon sound",$99.95,"$299.95 | 67% OFF
Previous price: $299.95 67% off",https://www.ebay.com/itm/395535173196?_trkparms=5373%3A5000006400%7C5374%3ATech%7C5079%3A5000006413,2025-03-21 18:46:11
Apple Pencil (USB-C) - White Stylus MUWA3AM/A with Pixel-Perfect Precision,$51.45,"$80.00 | 36% OFF
Previous price: $80.00 36% off",https://www.ebay.com/itm/296262723993?_trkparms=5373%3A5000006400%7C5374%3ATech%7C5079%3A5000006427,2025-03-21 18:46:11
"Logitech Z623 400 Watt Home Speaker System, 2.1 Speaker System - Black",$95.00,"$132.68 | 28% OFF
Previous price: $132.68 28% off",https://www.ebay.com/itm/167065352702?_trkparms=5373%3A5000006400%7C5374%3ATech%7C5079%3A5000006427,2025-03-21 18:46:11
Logitech G560 PC Gaming Speaker System with 7.1 DTS:X Ultra Surround Sound,$128.00,"$249.99 | 49% OFF
Previous price: $249.99 49% off",https://www.ebay.com/itm/167051732357?_trkparms=5373%3A5000006400%7C5374%3ATech%7C5079%3A5000006427,2025-03-21 18:46:11
Razer Barracuda X Wireless Multi Platform Gaming and Mobile Black Headset,$41.99,"$99.95 | 58% OFF
Previous price: $99.95 58% off",https://www.ebay.com/itm/286097764131?_trkparms=5373%3A5000006400%7C5374%3ATech%7C5079%3A5000006427,2025-03-21 18:46:11
"SteelSeries Arctis Nova Pro Gaming Headset for Xbox, PC, PS4, and PS5 (Refurb)",$144.99,"$249.99 | 42% OFF
Previous price: $249.99 42% off",https://www.ebay.com/itm/295963007018?_trkparms=5373%3A5000006400%7C5374%3ATech%7C5079%3A5000006427,2025-03-21 18:46:11
Samsung Galaxy S21 Plus 5G G996 128GB Unlocked - Excellent,$204.95,"$999.99 | 80% OFF
Previous price: $999.99 80% off",https://www.ebay.com/itm/363623942303?_trkparms=5373%3A5000006400%7C5374%3ATech%7C5079%3A5000006411,2025-03-21 18:46:11
Apple iPhone 13 mini 128GB Factory Unlocked AT&T T-Mobile Verizon Very Good,$264.95,"$699.00 | 62% OFF
Previous price: $699.00 62% off",https://www.ebay.com/itm/304517572567?_trkparms=5373%3A5000006400%7C5374%3ATech%7C5079%3A5000006411,2025-03-21 18:46:12
Samsung Galaxy Watch4 Classic 46mm R890 GPS - Very Good,$49.99,"$379.99 | 87% OFF
Previous price: $379.99 87% off",https://www.ebay.com/itm/255880698895?_trkparms=5373%3A5000006400%7C5374%3ATech%7C5079%3A5000006411,2025-03-21 18:46:12
Apple Watch Series SE (2nd Gen) 40mm GPS + WiFi + Cellular Unlocked - Excellent,$137.99,"$299.99 | 54% OFF
Previous price: $299.99 54% off",https://www.ebay.com/itm/196138751781?_trkparms=5373%3A5000006400%7C5374%3ATech%7C5079%3A5000006411,2025-03-21 18:46:12
Samsung Galaxy Watch 6 Classic 43mm Bluetooth R950 - Excellent,$99.99,"$159.99 | 38% OFF
Previous price: $159.99 38% off",https://www.ebay.com/itm/326305248291?_trkparms=5373%3A5000006400%7C5374%3ATech%7C5079%3A5000006411,2025-03-21 18:46:12
TP-Link Deco AXE5300 Wi-Fi 6E Tri-Band 9 3-Pack (Refurbished),$174.99,"$299.99 | 42% OFF
Previous price: $299.99 42% off",https://www.ebay.com/itm/144782360525?_trkparms=5373%3A5000006400%7C5374%3ATech%7C5079%3A5000006405,2025-03-21 18:46:12
Ricoh/Fujitsu ScanSnap iX1400 One-Touch 600dpi 40ppm/80ipm Auto Duplex Scanner,$195.00,"$435.00 | 55% OFF
Previous price: $435.00 55% off",https://www.ebay.com/itm/176489716730?_trkparms=5373%3A5000006400%7C5374%3ATech%7C5079%3A5000006405,2025-03-21 18:46:12
"Acer XZ322QU 31.5"" Curved Monitor LED 144Hz 2560x1440 Certified Refurbished",$149.99,"$249.99 | 40% OFF
Previous price: $249.99 40% off",https://www.ebay.com/itm/256547414823?_trkparms=5373%3A5000006400%7C5374%3ATech%7C5079%3A5000006405,2025-03-21 18:46:12
"Acer PM161Q 15.6"" Monitor LCD Display 60Hz 1920x1080 Certified Refurbished",$59.99,"$149.99 | 60% OFF
Previous price: $149.99 60% off",https://www.ebay.com/itm/275924898150?_trkparms=5373%3A5000006400%7C5374%3ATech%7C5079%3A5000006405,2025-03-21 18:46:12
"Acer CB272 E 27"" Monitor FullHD 1920x1080 100Hz IPS 1ms 250Nit HDMI DisplayPort",$89.99,"$139.99 | 36% OFF
Previous price: $139.99 36% off",https://www.ebay.com/itm/266600046936?_trkparms=5373%3A5000006400%7C5374%3ATech%7C5079%3A5000006405,2025-03-21 18:46:12
Epson PowerLite 685W WXGA 3500 Lumens 3LCD Ultra-Short Throw Projector,$791.00,"$1,309.00 | 40% OFF
Previous price: $1,309.00 40% off",https://www.ebay.com/itm/176549150155?_trkparms=5373%3A5000006400%7C5374%3ATech%7C5079%3A5000006400,2025-03-21 21:28:06
"Apple MacBook Pro MKGR3LL/A 2021 M1 Pro 16GB 14"" 512GB SSD - 8 CPU/14 GPU",$809.00,"$1,999.99 | 60% OFF
Previous price: $1,999.99 60% off",https://www.ebay.com/itm/145635181381?_trkparms=5373%3A5000006400%7C5374%3ATech%7C5079%3A5000006400,2025-03-21 21:28:06
Canon EOS R6 Mark II Body,"$1,569.00","$2,206.99 | 29% OFF
Previous price: $2,206.99 29% off",https://www.ebay.com/itm/326209852082?_trkparms=5373%3A5000006400%7C5374%3ATech%7C5079%3A5000006400,2025-03-21 21:28:06
Samsung Galaxy S21 Ultra 5G SM-G998U1F Factory Unlocked Excellent,$244.95,"$1,299.99 | 81% OFF
Previous price: $1,299.99 81% off",https://www.ebay.com/itm/186383006185?_trkparms=5373%3A5000006400%7C5374%3ATech%7C5079%3A5000006400,2025-03-21 21:28:06
"Seagate EXOS X16 ST14000NM005G 14TB 256MB 7200rpm 3.5"" SATA 6Gb/s Enterprise HDD",$147.99,"$199.99 | 26% OFF
Previous price: $199.99 26% off",https://www.ebay.com/itm/176825170520?_trkparms=5373%3A5000006400%7C5374%3ATech%7C5079%3A5000006400,2025-03-21 21:28:06
VIZIO V20x-J8B-RB V-Series 2.0 Compact Sound Bar,$42.34,"$149.95 | 72% OFF
Previous price: $149.95 72% off",https://www.ebay.com/itm/135394456824?_trkparms=5373%3A5000006400%7C5374%3ATech%7C5079%3A5000006400,2025-03-21 21:28:07
üî• Nintendo Switch OLED 64GB WHITE Joy Cons Newest Game Console + 2 Day SHIP! üî•,$269.99,"$369.99 | 27% OFF
Previous price: $369.99 27% off",https://www.ebay.com/itm/194991515485?_trkparms=5373%3A5000006400%7C5374%3ATech%7C5079%3A5000006400,2025-03-21 21:28:07
Apple iPhone 14 Pro Max 128GB Network Unlocked Very Good Condition,$509.99,"$1,099.00 | 54% OFF
Previous price: $1,099.00 54% off",https://www.ebay.com/itm/355094939620?_trkparms=5373%3A5000006400%7C5374%3ATech%7C5079%3A5000006400,2025-03-21 21:28:07
Apple iPhone 14 Pro Max 256GB Unlocked Very Good Condition,$539.99,"$1,199.00 | 55% OFF
Previous price: $1,199.00 55% off",https://www.ebay.com/itm/355896538160?_trkparms=5373%3A5000006400%7C5374%3ATech%7C5079%3A5000006400,2025-03-21 21:28:07
"Apple iPhone 14, 128GB, Network Unlocked - Excellent Condition",$329.99,"$749.00 | 56% OFF
Previous price: $749.00 56% off",https://www.ebay.com/itm/355095079593?_trkparms=5373%3A5000006400%7C5374%3ATech%7C5079%3A5000006400,2025-03-21 21:28:07
Apple iPhone 13 A2482 128GB Network Unlocked Very Good Condition,$259.99,"$699.00 | 63% OFF
Previous price: $699.00 63% off",https://www.ebay.com/itm/354393355064?_trkparms=5373%3A5000006400%7C5374%3ATech%7C5079%3A5000006400,2025-03-21 21:28:07
Apple iPhone 14 Pro A2650 128GB Network Unlocked Very Good Condition,$414.99,"$899.00 | 54% OFF
Previous price: $899.00 54% off",https://www.ebay.com/itm/354954088639?_trkparms=5373%3A5000006400%7C5374%3ATech%7C5079%3A5000006400,2025-03-21 21:28:07
Samsung Galaxy S21 Plus 5G G996 128GB Unlocked - Excellent,$204.95,"$999.99 | 80% OFF
Previous price: $999.99 80% off",https://www.ebay.com/itm/363623942303?_trkparms=5373%3A5000006400%7C5374%3ATech%7C5079%3A5000006423,2025-03-21 21:28:07
Apple iPhone 13 mini 128GB Factory Unlocked AT&T T-Mobile Verizon Very Good,$264.95,"$699.00 | 62% OFF
Previous price: $699.00 62% off",https://www.ebay.com/itm/304517572567?_trkparms=5373%3A5000006400%7C5374%3ATech%7C5079%3A5000006423,2025-03-21 21:28:07
Samsung Galaxy S22+ 5G SM-S906U1 128GB 256GB Unlocked Very Good Refurbished,$234.95,"$1,199.99 | 80% OFF
Previous price: $1,199.99 80% off",https://www.ebay.com/itm/204769428202?_trkparms=5373%3A5000006400%7C5374%3ATech%7C5079%3A5000006423,2025-03-21 21:28:07
Apple iPhone 14 256GB Factory Unlocked AT&T T-Mobile Verizon Very Good Condition,$369.95,"$899.00 | 59% OFF
Previous price: $899.00 59% off",https://www.ebay.com/itm/295504908589?_trkparms=5373%3A5000006400%7C5374%3ATech%7C5079%3A5000006423,2025-03-21 21:28:07
Apple iPhone 12 64GB - Fully Unlocked - VERY GOOD Condition!! Unlocked!!,$210.99,"$599.00 | 65% OFF
Previous price: $599.00 65% off",https://www.ebay.com/itm/325852789181?_trkparms=5373%3A5000006400%7C5374%3ATech%7C5079%3A5000006423,2025-03-21 21:28:07
"Microsoft Surface Laptop 7 Copilot+PC 13.8"" Snapdragon X Plus 16GB RAM 512GB SSD",$724.00,"$1,099.00 | 34% OFF
Previous price: $1,099.00 34% off",https://www.ebay.com/itm/176698361893?_trkparms=5373%3A5000006400%7C5374%3ATech%7C5079%3A5000006407,2025-03-21 21:28:07
"Apple Macbook Pro M1 Max 16"" 2021 10-Core CPU 32 GPU 1TB SSD 32GB Ram Gray","$1,389.99","$3,199.00 | 57% OFF
Previous price: $3,199.00 57% off",https://www.ebay.com/itm/226439904137?_trkparms=5373%3A5000006400%7C5374%3ATech%7C5079%3A5000006407,2025-03-21 21:28:07
"Acer Aspire 3 Laptop 15.6"" 1TB AMD Ryzen 5 7520U 2.8GHz Certified Reburbished",$275.99,"$499.99 | 45% OFF
Previous price: $499.99 45% off",https://www.ebay.com/itm/266889342994?_trkparms=5373%3A5000006400%7C5374%3ATech%7C5079%3A5000006407,2025-03-21 21:28:07
"Microsoft Surface Laptop 7 Copilot+PC 13.8"" Snapdragon X Plus 16GB RAM 256GB SSD",$602.00,"$999.00 | 40% OFF
Previous price: $999.00 40% off",https://www.ebay.com/itm/176698351316?_trkparms=5373%3A5000006400%7C5374%3ATech%7C5079%3A5000006407,2025-03-21 21:28:08
"HP ENVY Laptop Intel Core Ultra 7 155U RTX 3050 32GB RAM 1TB SSD 17.3"" FHD W11H",$769.99,"$1,099.99 | 30% OFF
Previous price: $1,099.99 30% off",https://www.ebay.com/itm/305844871800?_trkparms=5373%3A5000006400%7C5374%3ATech%7C5079%3A5000006407,2025-03-21 21:28:08
LG 65 Inch Class OLED evo C4 Series Smart TV 4K Processor (2024),"$1,179.00","$2,699.00 | 56% OFF
Previous price: $2,699.00 56% off",https://www.ebay.com/itm/316524852706?_trkparms=5373%3A5000006400%7C5374%3ATech%7C5079%3A5000006409,2025-03-21 21:28:08
"Sony Bravia XR 65"" X90L 4K HDR Full Array LED Smart TV XR65X90L",$759.00,"$1,599.99 | 53% OFF
Previous price: $1,599.99 53% off",https://www.ebay.com/itm/335504276344?_trkparms=5373%3A5000006400%7C5374%3ATech%7C5079%3A5000006409,2025-03-21 21:28:08
BenQ GP500 4K HDR LED Smart Home Theater Projector 1500 Lm Auto Focus 1.3x zoom,$734.00,"$1,799.00 | 59% OFF
Previous price: $1,799.00 59% off",https://www.ebay.com/itm/166398780476?_trkparms=5373%3A5000006400%7C5374%3ATech%7C5079%3A5000006409,2025-03-21 21:28:08
BenQ X300G 2000lm 4K Portable Gaming Projector 4ms Short Throw 3D Auto Keystone,$947.00,"$1,499.99 | 37% OFF
Previous price: $1,499.99 37% off",https://www.ebay.com/itm/375807945661?_trkparms=5373%3A5000006400%7C5374%3ATech%7C5079%3A5000006409,2025-03-21 21:28:08
Sony BRAVIA 8 K65XR80 65 inch 4K HDR Smart OLED TV (2024),"$1,199.00","$2,799.99 | 57% OFF
Previous price: $2,799.99 57% off",https://www.ebay.com/itm/315637708457?_trkparms=5373%3A5000006400%7C5374%3ATech%7C5079%3A5000006409,2025-03-21 21:28:08
DJI Avata 2 Fly More Goggles N3 Vlogger Bundle(3 Batteries),"$1,309.00","$1,309.00",https://www.ebay.com/itm/306032706909?_trkparms=5373%3A5000006400%7C5374%3ATech%7C5079%3A5000006430,2025-03-21 21:28:08
DJI Mavic 3 Classic Fly More Pro Vlogger -2 Battery Combo (DJI RC) Drone-CRB,"$1,499.00","$1,899.00 | 21% OFF
Previous price: $1,899.00 21% off",https://www.ebay.com/itm/305955941857?_trkparms=5373%3A5000006400%7C5374%3ATech%7C5079%3A5000006430,2025-03-21 21:28:08
DJI Mini 3 Pro Fly More Vlogger Combo (DJI RC ) Drone 4k,$937.00,"$1,249.00 | 25% OFF
Previous price: $1,249.00 25% off",https://www.ebay.com/itm/305845152874?_trkparms=5373%3A5000006400%7C5374%3ATech%7C5079%3A5000006430,2025-03-21 21:28:08
Sony FE 24-70mm F2.8 GM II Lens,"$1,719.00","$2,306.99 | 25% OFF
Previous price: $2,306.99 25% off",https://www.ebay.com/itm/204911213109?_trkparms=5373%3A5000006400%7C5374%3ATech%7C5079%3A5000006430,2025-03-21 21:28:08
"Panasonic LUMIX GH5M2, 20.3MP Mirrorless Micro Four Thirds Camera with Live",$874.00,"$1,187.99 | 26% OFF
Previous price: $1,187.99 26% off",https://www.ebay.com/itm/205309160774?_trkparms=5373%3A5000006400%7C5374%3ATech%7C5079%3A5000006430,2025-03-21 21:28:08
Logitech - G CLOUD Gaming Handheld Console - White,$164.99,"$349.99 | 53% OFF
Previous price: $349.99 53% off",https://www.ebay.com/itm/167017920150?_trkparms=5373%3A5000006400%7C5374%3ATech%7C5079%3A5000006401,2025-03-21 21:28:08
Nintendo Switch OLED 64GB NEON Red Blue Joy Con Newest Version +FAST FREE SHIP!‚≠ê,$269.99,"$359.99 | 25% OFF
Previous price: $359.99 25% off",https://www.ebay.com/itm/195122716310?_trkparms=5373%3A5000006400%7C5374%3ATech%7C5079%3A5000006401,2025-03-21 21:28:08
"Audeze Maxwell Wireless Gaming Headset for Xbox, PS, Mac, & PC",$278.00,"$373.99 | 26% OFF
Previous price: $373.99 26% off",https://www.ebay.com/itm/205305863435?_trkparms=5373%3A5000006400%7C5374%3ATech%7C5079%3A5000006401,2025-03-21 21:28:08
"Audeze Maxwell Wireless Gaming Headset for PlayStation, Mac, PC, and Switch",$264.00,"$305.99 | 14% OFF
Previous price: $305.99 14% off",https://www.ebay.com/itm/197038681586?_trkparms=5373%3A5000006400%7C5374%3ATech%7C5079%3A5000006401,2025-03-21 21:28:09
Nintendo Switch Console with Neon Blue and Neon Red Joy Cons 32GB V2,$243.33,"$299.99 | 19% OFF
Previous price: $299.99 19% off",https://www.ebay.com/itm/195302472644?_trkparms=5373%3A5000006400%7C5374%3ATech%7C5079%3A5000006401,2025-03-21 21:28:09
"Apple iPad 7 10.2"" 32GB 128GB Space Gray Gold Silver WiFi or Cellular - Good",$132.99,$132.99,https://www.ebay.com/itm/154843157684?_trkparms=5373%3A5000006400%7C5374%3ATech%7C5079%3A5000006415,2025-03-21 21:28:09
"SGIN 10.1"" Tablet Android 13 128GB ROM 4GB RAM WIFI Quad-Core Tablet Dual Camera",$57.49,"$239.96 | 76% OFF
Previous price: $239.96 76% off",https://www.ebay.com/itm/235352196431?_trkparms=5373%3A5000006400%7C5374%3ATech%7C5079%3A5000006415,2025-03-21 21:28:09
Apple iPad 10th Gen 64GB Silver Wi-Fi MPQ03LL/A,$238.00,"$449.00 | 47% OFF
Previous price: $449.00 47% off",https://www.ebay.com/itm/125772110133?_trkparms=5373%3A5000006400%7C5374%3ATech%7C5079%3A5000006415,2025-03-21 21:28:09
"2020 Apple iPad 8 10.2"" Display 32GB WiFi Only MYL92LL/A Space Gray - Very Good",$143.99,"$329.00 | 56% OFF
Previous price: $329.00 56% off",https://www.ebay.com/itm/354233898171?_trkparms=5373%3A5000006400%7C5374%3ATech%7C5079%3A5000006415,2025-03-21 21:28:09
"2020 iPad 8th Gen 10.2"" MYN32LL/A 32GB & Cellular Unlocked (Space Gray) - Good",$136.99,"$329.00 | 58% OFF
Previous price: $329.00 58% off",https://www.ebay.com/itm/354250488438?_trkparms=5373%3A5000006400%7C5374%3ATech%7C5079%3A5000006415,2025-03-21 21:28:09
Apple AirPods Pro 2nd Generation Gen 2 2023 A2968 with Magsafe USB-C Charging,$149.95,"$250.00 | 40% OFF
Previous price: $250.00 40% off",https://www.ebay.com/itm/285636515887?_trkparms=5373%3A5000006400%7C5374%3ATech%7C5079%3A5000006419,2025-03-21 21:28:09
Sony WF-1000XM5 Truly Wireless Bluetooth Noise Canceling Headphones - Black,$112.99,"$299.99 | 62% OFF
Previous price: $299.99 62% off",https://www.ebay.com/itm/276015021037?_trkparms=5373%3A5000006400%7C5374%3ATech%7C5079%3A5000006419,2025-03-21 21:28:09
Anker PowerCoreIII Sense Portable Charger 10K Power Bank 20W USB-C for iPhone,$14.99,"$39.99 | 63% OFF
Previous price: $39.99 63% off",https://www.ebay.com/itm/383508840902?_trkparms=5373%3A5000006400%7C5374%3ATech%7C5079%3A5000006419,2025-03-21 21:28:09
Anker 20W USB-C Portable Charger Power Bank 10000mAh Power Delivery Battery Pack,$14.99,"$39.99 | 63% OFF
Previous price: $39.99 63% off",https://www.ebay.com/itm/385001141142?_trkparms=5373%3A5000006400%7C5374%3ATech%7C5079%3A5000006419,2025-03-21 21:28:09
Soundcore Liberty 4 SE True Wireless Earbuds Heart Rate Sensor Noise Cancelling,$46.99,"$149.99 | 69% OFF
Previous price: $149.99 69% off",https://www.ebay.com/itm/385693088002?_trkparms=5373%3A5000006400%7C5374%3ATech%7C5079%3A5000006419,2025-03-21 21:28:09
"Seagate IronWolf 12TB 7200RPM SATA 6Gb/s 256MB 3.5"" NAS Hard Drive ST12000VN0007",$133.99,"$189.99 | 29% OFF
Previous price: $189.99 29% off",https://www.ebay.com/itm/166672350380?_trkparms=5373%3A5000006400%7C5374%3ATech%7C5079%3A5000006421,2025-03-21 21:28:09
"Seagate Exos 28TB 7.2K RPM SATA 6Gb/s 3.5"" Enterprise HDD - ST28000NM000C",$334.99,"$379.99 | 12% OFF
Previous price: $379.99 12% off",https://www.ebay.com/itm/296879436001?_trkparms=5373%3A5000006400%7C5374%3ATech%7C5079%3A5000006421,2025-03-21 21:28:09
"Seagate Skyhawk AI ST12000VX0017 12TB 7200RPM 3.5"" SATA 6.0Gb/s Surveillance HDD",$115.99,"$179.99 | 36% OFF
Previous price: $179.99 36% off",https://www.ebay.com/itm/176895047318?_trkparms=5373%3A5000006400%7C5374%3ATech%7C5079%3A5000006421,2025-03-21 21:28:09
"Seagate EXOS X16 16TB 256MB 7200rpm 3.5"" SATA 6Gb/s Enterprise HDD ST16000NM001G",$179.99,"$219.99 | 18% OFF
Previous price: $219.99 18% off",https://www.ebay.com/itm/175804626117?_trkparms=5373%3A5000006400%7C5374%3ATech%7C5079%3A5000006421,2025-03-21 21:28:09
"Seagate ST12000NM0117 12TB 256MB 7200RPM 3.5"" SATA 6.0Gb/s Enterprise Hard Drive",$124.99,"$179.99 | 31% OFF
Previous price: $179.99 31% off",https://www.ebay.com/itm/176407579611?_trkparms=5373%3A5000006400%7C5374%3ATech%7C5079%3A5000006421,2025-03-21 21:28:10
"Aura Studio 3, Wireless speaker with beautiful Harman Kardon sound",$99.95,"$299.95 | 67% OFF
Previous price: $299.95 67% off",https://www.ebay.com/itm/395535173196?_trkparms=5373%3A5000006400%7C5374%3ATech%7C5079%3A5000006403,2025-03-21 21:28:10
STATUS Between 3ANC Wireless Earbuds (CERTIFIED REFURBISHED) - ONYX,$82.88,"$119.00 | 30% OFF
Previous price: $119.00 30% off",https://www.ebay.com/itm/266692431952?_trkparms=5373%3A5000006400%7C5374%3ATech%7C5079%3A5000006403,2025-03-21 21:28:10
Sony WH-1000XM5/B Wireless Industry Leading Noise Canceling Bluetooth Headphones,$199.99,"$399.99 | 50% OFF
Previous price: $399.99 50% off",https://www.ebay.com/itm/314074071401?_trkparms=5373%3A5000006400%7C5374%3ATech%7C5079%3A5000006403,2025-03-21 21:28:10
Skullcandy Smokin' Buds XT- Black (CERTIFIED REFURBISHED),$11.13,"$18.99 | 41% OFF
Previous price: $18.99 41% off",https://www.ebay.com/itm/266646620402?_trkparms=5373%3A5000006400%7C5374%3ATech%7C5079%3A5000006403,2025-03-21 21:28:10
Sony WF-1000XM5 Truly Wireless Bluetooth Noise Canceling Headphones - Silver,$112.99,"$299.99 | 62% OFF
Previous price: $299.99 62% off",https://www.ebay.com/itm/276042057973?_trkparms=5373%3A5000006400%7C5374%3ATech%7C5079%3A5000006403,2025-03-21 21:28:10
Ricoh/Fujitsu ScanSnap iX1400 One-Touch 600dpi 40ppm/80ipm Auto Duplex Scanner,$195.00,"$435.00 | 55% OFF
Previous price: $435.00 55% off",https://www.ebay.com/itm/176489716730?_trkparms=5373%3A5000006400%7C5374%3ATech%7C5079%3A5000006417,2025-03-21 21:28:10
Canon Color imageCLASS MF642Cdw Wireless Laser Printer w/ Toner PRMCT054H-4 Pack,$309.99,"$599.95 | 48% OFF
Previous price: $599.95 48% off",https://www.ebay.com/itm/296874880362?_trkparms=5373%3A5000006400%7C5374%3ATech%7C5079%3A5000006417,2025-03-21 21:28:10
Canon Color imageCLASS MF642Cdw Wireless All-In-One Laser Printer - White,$259.99,"$309.95 | 16% OFF
Previous price: $309.95 16% off",https://www.ebay.com/itm/375669059982?_trkparms=5373%3A5000006400%7C5374%3ATech%7C5079%3A5000006417,2025-03-21 21:28:10
Canon Color imageCLASS MF644Cdw All In One White and Black Duplex Laser Printer,$279.99,"$349.95 | 20% OFF
Previous price: $349.95 20% off",https://www.ebay.com/itm/286076185580?_trkparms=5373%3A5000006400%7C5374%3ATech%7C5079%3A5000006417,2025-03-21 21:28:10
Canon Color imageCLASS MF743Cdw All In One White and Black Duplex Laser Printer,$319.99,"$399.95 | 20% OFF
Previous price: $399.95 20% off",https://www.ebay.com/itm/375669062290?_trkparms=5373%3A5000006400%7C5374%3ATech%7C5079%3A5000006417,2025-03-21 21:28:10
Hifonics HFXR Digital Signal Processor Universal Mobile Audio Silver New,$49.95,"$99.99 | 50% OFF
Previous price: $99.99 50% off",https://www.ebay.com/itm/155477831041?_trkparms=5373%3A5000006400%7C5374%3ATech%7C5079%3A5000006432,2025-03-21 21:28:10
MB Quart FKB169 6x9 2-Way Car Speakers 75W RMS 150W Peak UTV Compatible New,$39.88,"$79.99 | 50% OFF
Previous price: $79.99 50% off",https://www.ebay.com/itm/155534258683?_trkparms=5373%3A5000006400%7C5374%3ATech%7C5079%3A5000006432,2025-03-21 21:28:10
MB Quart Formula FKB168 5x7/6x8 2-Way Car Speakers 50W RMS 100W Peak Power New,$24.99,"$44.99 | 44% OFF
Previous price: $44.99 44% off",https://www.ebay.com/itm/155534260342?_trkparms=5373%3A5000006400%7C5374%3ATech%7C5079%3A5000006432,2025-03-21 21:28:10
ZS5768CX ZEUS 5x7/6x8 Inch Speakers 1-inch Neo-Mylar Soft Dome Tweeter,$26.73,"$54.99 | 51% OFF
Previous price: $54.99 51% off",https://www.ebay.com/itm/155691326798?_trkparms=5373%3A5000006400%7C5374%3ATech%7C5079%3A5000006432,2025-03-21 21:28:11
MB Quart Formula 1 inch Tweeter kit,$27.95,"$39.99 | 30% OFF
Previous price: $39.99 30% off",https://www.ebay.com/itm/155835299206?_trkparms=5373%3A5000006400%7C5374%3ATech%7C5079%3A5000006432,2025-03-21 21:28:11
Sony FE 24-70mm F2.8 GM II Lens,"$1,719.00","$2,306.99 | 25% OFF
Previous price: $2,306.99 25% off",https://www.ebay.com/itm/204911213109?_trkparms=5373%3A5000006400%7C5374%3ATech%7C5079%3A5000006425,2025-03-21 21:28:11
Canon 3680C002 Rf 24-70mm F2.8 L is USM,"$1,849.00","$2,656.99 | 30% OFF
Previous price: $2,656.99 30% off",https://www.ebay.com/itm/326389378879?_trkparms=5373%3A5000006400%7C5374%3ATech%7C5079%3A5000006425,2025-03-21 21:28:11
"Sigma 24-70MM F2.8 DG DN II ART Lens, L Mount",$999.00,"$2,616.00 | 62% OFF
Previous price: $2,616.00 62% off",https://www.ebay.com/itm/286205099093?_trkparms=5373%3A5000006400%7C5374%3ATech%7C5079%3A5000006425,2025-03-21 21:28:11
Sony FE 70-200mm F2.8 GM OSS II Full-Frame Constant-Aperture telephoto Zoom G,"$2,109.00","$2,862.99 | 26% OFF
Previous price: $2,862.99 26% off",https://www.ebay.com/itm/205012044285?_trkparms=5373%3A5000006400%7C5374%3ATech%7C5079%3A5000006425,2025-03-21 21:28:11
Sony FE 70-200mm F4 Macro G OSS II,"$1,279.00","$1,737.99 | 26% OFF
Previous price: $1,737.99 26% off",https://www.ebay.com/itm/197123341040?_trkparms=5373%3A5000006400%7C5374%3ATech%7C5079%3A5000006425,2025-03-21 21:28:11
36V 105Ah Golf Cart LiFePO4 Lithium Battery 15000+ Cycle 200A BMS + 20A Charger,$829.99,"$1,499.99 | 45% OFF
Previous price: $1,499.99 45% off",https://www.ebay.com/itm/364958681355?_trkparms=5373%3A5000006400%7C5374%3ATech%7C5079%3A5000006413,2025-03-21 21:28:11
LG 65 Inch Class OLED evo C4 Series Smart TV 4K Processor (2024),"$1,179.00","$2,699.00 | 56% OFF
Previous price: $2,699.00 56% off",https://www.ebay.com/itm/316524852706?_trkparms=5373%3A5000006400%7C5374%3ATech%7C5079%3A5000006413,2025-03-21 21:28:11
"Sony Bravia XR 65"" X90L 4K HDR Full Array LED Smart TV XR65X90L",$759.00,"$1,599.99 | 53% OFF
Previous price: $1,599.99 53% off",https://www.ebay.com/itm/335504276344?_trkparms=5373%3A5000006400%7C5374%3ATech%7C5079%3A5000006413,2025-03-21 21:28:11
"Aura Studio 3, Wireless speaker with beautiful Harman Kardon sound",$99.95,"$299.95 | 67% OFF
Previous price: $299.95 67% off",https://www.ebay.com/itm/395535173196?_trkparms=5373%3A5000006400%7C5374%3ATech%7C5079%3A5000006413,2025-03-21 21:28:11
STATUS Between 3ANC Wireless Earbuds (CERTIFIED REFURBISHED) - ONYX,$82.88,"$119.00 | 30% OFF
Previous price: $119.00 30% off",https://www.ebay.com/itm/266692431952?_trkparms=5373%3A5000006400%7C5374%3ATech%7C5079%3A5000006413,2025-03-21 21:28:11
Apple Pencil (USB-C) - White Stylus MUWA3AM/A with Pixel-Perfect Precision,$51.45,"$80.00 | 36% OFF
Previous price: $80.00 36% off",https://www.ebay.com/itm/296262723993?_trkparms=5373%3A5000006400%7C5374%3ATech%7C5079%3A5000006427,2025-03-21 21:28:12
"Logitech Z623 400 Watt Home Speaker System, 2.1 Speaker System - Black",$95.00,"$132.68 | 28% OFF
Previous price: $132.68 28% off",https://www.ebay.com/itm/167065352702?_trkparms=5373%3A5000006400%7C5374%3ATech%7C5079%3A5000006427,2025-03-21 21:28:12
Logitech G560 PC Gaming Speaker System with 7.1 DTS:X Ultra Surround Sound,$128.00,"$249.99 | 49% OFF
Previous price: $249.99 49% off",https://www.ebay.com/itm/167051732357?_trkparms=5373%3A5000006400%7C5374%3ATech%7C5079%3A5000006427,2025-03-21 21:28:12
Razer Barracuda X Wireless Multi Platform Gaming and Mobile Black Headset,$41.99,"$99.95 | 58% OFF
Previous price: $99.95 58% off",https://www.ebay.com/itm/286097764131?_trkparms=5373%3A5000006400%7C5374%3ATech%7C5079%3A5000006427,2025-03-21 21:28:12
"SteelSeries Arctis Nova Pro Gaming Headset for Xbox, PC, PS4, and PS5 (Refurb)",$144.99,"$249.99 | 42% OFF
Previous price: $249.99 42% off",https://www.ebay.com/itm/295963007018?_trkparms=5373%3A5000006400%7C5374%3ATech%7C5079%3A5000006427,2025-03-21 21:28:12
Samsung Galaxy Watch5 Pro 45mm R920N GPS - Very Good,$79.99,"$449.99 | 82% OFF
Previous price: $449.99 82% off",https://www.ebay.com/itm/256277867994?_trkparms=5373%3A5000006400%7C5374%3ATech%7C5079%3A5000006411,2025-03-21 21:28:12
Samsung Galaxy S21 Plus 5G G996 128GB Unlocked - Excellent,$204.95,"$999.99 | 80% OFF
Previous price: $999.99 80% off",https://www.ebay.com/itm/363623942303?_trkparms=5373%3A5000006400%7C5374%3ATech%7C5079%3A5000006411,2025-03-21 21:28:12
Apple iPhone 13 mini 128GB Factory Unlocked AT&T T-Mobile Verizon Very Good,$264.95,"$699.00 | 62% OFF
Previous price: $699.00 62% off",https://www.ebay.com/itm/304517572567?_trkparms=5373%3A5000006400%7C5374%3ATech%7C5079%3A5000006411,2025-03-21 21:28:12
Samsung Galaxy Watch4 Classic 46mm R890 GPS - Very Good,$49.99,"$379.99 | 87% OFF
Previous price: $379.99 87% off",https://www.ebay.com/itm/255880698895?_trkparms=5373%3A5000006400%7C5374%3ATech%7C5079%3A5000006411,2025-03-21 21:28:12
Apple Watch Series SE (2nd Gen) 40mm GPS + WiFi + Cellular Unlocked - Excellent,$137.99,"$299.99 | 54% OFF
Previous price: $299.99 54% off",https://www.ebay.com/itm/196138751781?_trkparms=5373%3A5000006400%7C5374%3ATech%7C5079%3A5000006411,2025-03-21 21:28:12
TP-Link Deco AXE5300 Wi-Fi 6E Tri-Band 9 3-Pack (Refurbished),$174.99,"$299.99 | 42% OFF
Previous price: $299.99 42% off",https://www.ebay.com/itm/144782360525?_trkparms=5373%3A5000006400%7C5374%3ATech%7C5079%3A5000006405,2025-03-21 21:28:12
Ricoh/Fujitsu ScanSnap iX1400 One-Touch 600dpi 40ppm/80ipm Auto Duplex Scanner,$195.00,"$435.00 | 55% OFF
Previous price: $435.00 55% off",https://www.ebay.com/itm/176489716730?_trkparms=5373%3A5000006400%7C5374%3ATech%7C5079%3A5000006405,2025-03-21 21:28:12
"Acer XZ322QU 31.5"" Curved Monitor LED 144Hz 2560x1440 Certified Refurbished",$149.99,"$249.99 | 40% OFF
Previous price: $249.99 40% off",https://www.ebay.com/itm/256547414823?_trkparms=5373%3A5000006400%7C5374%3ATech%7C5079%3A5000006405,2025-03-21 21:28:12
"Acer PM161Q 15.6"" Monitor LCD Display 60Hz 1920x1080 Certified Refurbished",$59.99,"$149.99 | 60% OFF
Previous price: $149.99 60% off",https://www.ebay.com/itm/275924898150?_trkparms=5373%3A5000006400%7C5374%3ATech%7C5079%3A5000006405,2025-03-21 21:28:12
"Acer CB272 E 27"" Monitor FullHD 1920x1080 100Hz IPS 1ms 250Nit HDMI DisplayPort",$89.99,"$139.99 | 36% OFF
Previous price: $139.99 36% off",https://www.ebay.com/itm/266600046936?_trkparms=5373%3A5000006400%7C5374%3ATech%7C5079%3A5000006405,2025-03-21 21:28:13
